folder,current,rename_to
Bamboo Fitted Sheet/Stripe/Burnt Peach Stripe,BambooFittedSheet-Stripe-BurntPeachStripe-Fitted-NoTalent-Real-01.jpg,BambooFittedSheet-Stripe-BurntBurntPeachStripe-Fitted-NoTalent-Real-01.jpg
Bamboo Fitted Sheet/Stripe/Burnt Peach Stripe,BambooFittedSheet-Stripe-BurntPeachStripe-Fitted-NoTalent-Real-02.jpg,BambooFittedSheet-Stripe-BurntBurntPeachStripe-Fitted-NoTalent-Real-02.jpg
Bamboo Fitted Sheet/Stripe/Cherry Blossom Stripe,BambooFittedSheet-Stripe-CherryBlossomStripe-Fitted-NoTalent-Real-01.jpg,BambooFittedSheet-Stripe-CherryCherryBlossomStripe-Fitted-NoTalent-Real-01.jpg
Bamboo Fitted Sheet/Stripe/Cherry Blossom Stripe,BambooFittedSheet-Stripe-CherryBlossomStripe-Fitted-NoTalent-Real-02.jpg,BambooFittedSheet-Stripe-CherryCherryBlossomStripe-Fitted-NoTalent-Real-02.jpg
Bamboo Fitted Sheet/Stripe/Cookies & Cream Stripe,BambooFittedSheet-Stripe-CookiesCreamStripe-Fitted-NoTalent-Real-01.jpg,BambooFittedSheet-Stripe-CookiesCookiesCreamStripe-Fitted-NoTalent-Real-01.jpg
Bamboo Fitted Sheet/Stripe/Cookies & Cream Stripe,BambooFittedSheet-Stripe-CookiesCreamStripe-Fitted-NoTalent-Real-02.jpg,BambooFittedSheet-Stripe-CookiesCookiesCreamStripe-Fitted-NoTalent-Real-02.jpg
Bamboo Fitted Sheet/Stripe/Matcha Forest Stripe,BambooFittedSheet-Stripe-MatchaForestStripe-Fitted-NoTalent-Real-01.jpg,BambooFittedSheet-Stripe-MatchaMatchaForestStripe-Fitted-NoTalent-Real-01.jpg
Bamboo Fitted Sheet/Stripe/Matcha Forest Stripe,BambooFittedSheet-Stripe-MatchaForestStripe-Fitted-NoTalent-Real-02.jpg,BambooFittedSheet-Stripe-MatchaMatchaForestStripe-Fitted-NoTalent-Real-02.jpg
Bamboo Fitted Sheet/Stripe/Sandy Reef Stripe,BambooFittedSheet-Stripe-SandyReefStripe-Fitted-NoTalent-Real-01.jpg,BambooFittedSheet-Stripe-SandySandyReefStripe-Fitted-NoTalent-Real-01.jpg
Bamboo Fitted Sheet/Stripe/Sandy Reef Stripe,BambooFittedSheet-Stripe-SandyReefStripe-Fitted-NoTalent-Real-02.jpg,BambooFittedSheet-Stripe-SandySandyReefStripe-Fitted-NoTalent-Real-02.jpg
Bamboo Flat Sheet/Stripe/Iced Chocolate Stripe,BambooFlatSheet-Stripe-ChocolateStripe-CloseUp-NoTalent-Real-01.jpg,BambooFlatSheet-Stripe-IcedChocolateStripe-CloseUp-NoTalent-Real-01.jpg
Bamboo Flat Sheet/Stripe/Iced Chocolate Stripe,BambooFlatSheet-Stripe-ChocolateStripe-CloseUp-NoTalent-Real-02.jpg,BambooFlatSheet-Stripe-IcedChocolateStripe-CloseUp-NoTalent-Real-02.jpg
Bamboo Flat Sheet/Stripe/Iced Chocolate Stripe,BambooFlatSheet-Stripe-ChocolateStripe-CloseUp-NoTalent-Real-03.jpg,BambooFlatSheet-Stripe-IcedChocolateStripe-CloseUp-NoTalent-Real-03.jpg
Bamboo Flat Sheet/Stripe/Iced Chocolate Stripe,BambooFlatSheet-Stripe-ChocolateStripe-CloseUp-NoTalent-Real-04.jpg,BambooFlatSheet-Stripe-IcedChocolateStripe-CloseUp-NoTalent-Real-04.jpg
Bamboo Flat Sheet/Stripe/Iced Chocolate Stripe,BambooFlatSheet-Stripe-ChocolateStripe-CloseUp-NoTalent-Real-05.jpg,BambooFlatSheet-Stripe-IcedChocolateStripe-CloseUp-NoTalent-Real-05.jpg
Bamboo Flat Sheet/Stripe/Iced Chocolate Stripe,BambooFlatSheet-Stripe-ChocolateStripe-CloseUp-NoTalent-Real-06.jpg,BambooFlatSheet-Stripe-IcedChocolateStripe-CloseUp-NoTalent-Real-06.jpg
Bamboo Flat Sheet/Stripe/Iced Chocolate Stripe,BambooFlatSheet-Stripe-ChocolateStripe-CloseUp-NoTalent-Real-07.jpg,BambooFlatSheet-Stripe-IcedChocolateStripe-CloseUp-NoTalent-Real-07.jpg
Bamboo Flat Sheet/Stripe/Iced Chocolate Stripe,BambooFlatSheet-Stripe-ChocolateStripe-CloseUp-NoTalent-Real-08.jpg,BambooFlatSheet-Stripe-IcedChocolateStripe-CloseUp-NoTalent-Real-08.jpg
Bamboo Flat Sheet/Stripe/Iced Chocolate Stripe,BambooFlatSheet-Stripe-ChocolateStripe-CloseUp-NoTalent-Real-09.jpg,BambooFlatSheet-Stripe-IcedChocolateStripe-CloseUp-NoTalent-Real-09.jpg
Bamboo Flat Sheet/Stripe/Iced Chocolate Stripe,BambooFlatSheet-Stripe-ChocolateStripe-CloseUp-NoTalent-Real-10.jpg,BambooFlatSheet-Stripe-IcedChocolateStripe-CloseUp-NoTalent-Real-10.jpg
Bamboo Flat Sheet/Stripe/Iced Chocolate Stripe,BambooFlatSheet-Stripe-ChocolateStripe-CloseUp-NoTalent-Real-11.jpg,BambooFlatSheet-Stripe-IcedChocolateStripe-CloseUp-NoTalent-Real-11.jpg
Bamboo Flat Sheet/Stripe/Iced Chocolate Stripe,BambooFlatSheet-Stripe-ChocolateStripe-CloseUp-NoTalent-Real-12.jpg,BambooFlatSheet-Stripe-IcedChocolateStripe-CloseUp-NoTalent-Real-12.jpg
Bamboo Flat Sheet/Stripe/Iced Chocolate Stripe,BambooFlatSheet-Stripe-ChocolateStripe-CloseUp-NoTalent-Real-13.jpg,BambooFlatSheet-Stripe-IcedChocolateStripe-CloseUp-NoTalent-Real-13.jpg
Bamboo Flat Sheet/Stripe/Iced Chocolate Stripe,BambooFlatSheet-Stripe-ChocolateStripe-CloseUp-NoTalent-Real-14.jpg,BambooFlatSheet-Stripe-IcedChocolateStripe-CloseUp-NoTalent-Real-14.jpg
Bamboo Flat Sheet/Stripe/Iced Chocolate Stripe,BambooFlatSheet-Stripe-ChocolateStripe-CloseUp-NoTalent-Real-15.jpg,BambooFlatSheet-Stripe-IcedChocolateStripe-CloseUp-NoTalent-Real-15.jpg
Bamboo Flat Sheet/Stripe/Iced Chocolate Stripe,BambooFlatSheet-Stripe-ChocolateStripe-CloseUp-NoTalent-Real-16.jpg,BambooFlatSheet-Stripe-IcedChocolateStripe-CloseUp-NoTalent-Real-16.jpg
Bamboo Flat Sheet/Stripe/Iced Chocolate Stripe,BambooFlatSheet-Stripe-ChocolateStripe-CloseUp-NoTalent-Real-17.jpg,BambooFlatSheet-Stripe-IcedChocolateStripe-CloseUp-NoTalent-Real-17.jpg
Bamboo Flat Sheet/Stripe/Iced Chocolate Stripe,BambooFlatSheet-Stripe-ChocolateStripe-CloseUp-NoTalent-Real-18.jpg,BambooFlatSheet-Stripe-IcedChocolateStripe-CloseUp-NoTalent-Real-18.jpg
Bamboo Flat Sheet/Stripe/Iced Chocolate Stripe,BambooFlatSheet-Stripe-ChocolateStripe-CloseUp-NoTalent-Real-19.jpg,BambooFlatSheet-Stripe-IcedChocolateStripe-CloseUp-NoTalent-Real-19.jpg
Bamboo Flat Sheet/Stripe/Iced Chocolate Stripe,BambooFlatSheet-Stripe-ChocolateStripe-CloseUp-NoTalent-Real-20.jpg,BambooFlatSheet-Stripe-IcedChocolateStripe-CloseUp-NoTalent-Real-20.jpg
Bamboo Flat Sheet/Stripe/Iced Chocolate Stripe,BambooFlatSheet-Stripe-ChocolateStripe-CloseUp-NoTalent-Real-21.jpg,BambooFlatSheet-Stripe-IcedChocolateStripe-CloseUp-NoTalent-Real-21.jpg
Bamboo Flat Sheet/Stripe/Iced Chocolate Stripe,BambooFlatSheet-Stripe-ChocolateStripe-CloseUp-NoTalent-Real-22.jpg,BambooFlatSheet-Stripe-IcedChocolateStripe-CloseUp-NoTalent-Real-22.jpg
Bamboo Flat Sheet/Stripe/Iced Chocolate Stripe,BambooFlatSheet-Stripe-ChocolateStripe-CloseUp-NoTalent-Real-23.jpg,BambooFlatSheet-Stripe-IcedChocolateStripe-CloseUp-NoTalent-Real-23.jpg
Bamboo Flat Sheet/Stripe/Iced Chocolate Stripe,BambooFlatSheet-Stripe-IcedStripe-CloseUp-NoTalent-Real-01.jpg,BambooFlatSheet-Stripe-IcedIcedChocolateStripe-CloseUp-NoTalent-Real-01.jpg
Bamboo Flat Sheet/Stripe/Iced Chocolate Stripe,BambooFlatSheet-Stripe-IcedStripe-CloseUp-NoTalent-Real-02.jpg,BambooFlatSheet-Stripe-IcedIcedChocolateStripe-CloseUp-NoTalent-Real-02.jpg
Bamboo Flat Sheet/Stripe/Iced Chocolate Stripe,BambooFlatSheet-Stripe-IcedStripe-CloseUp-NoTalent-Real-03.jpg,BambooFlatSheet-Stripe-IcedIcedChocolateStripe-CloseUp-NoTalent-Real-03.jpg
Bamboo Flat Sheet/Stripe/Iced Chocolate Stripe,BambooFlatSheet-Stripe-IcedStripe-CloseUp-NoTalent-Real-04.jpg,BambooFlatSheet-Stripe-IcedIcedChocolateStripe-CloseUp-NoTalent-Real-04.jpg
Bamboo Flat Sheet/Stripe/Iced Chocolate Stripe,BambooFlatSheet-Stripe-IcedStripe-CloseUp-NoTalent-Real-05.jpg,BambooFlatSheet-Stripe-IcedIcedChocolateStripe-CloseUp-NoTalent-Real-05.jpg
Bamboo Flat Sheet/Stripe/Iced Chocolate Stripe,BambooFlatSheet-Stripe-IcedStripe-CloseUp-NoTalent-Real-06.jpg,BambooFlatSheet-Stripe-IcedIcedChocolateStripe-CloseUp-NoTalent-Real-06.jpg
Bamboo Flat Sheet/Stripe/Iced Chocolate Stripe,BambooFlatSheet-Stripe-IcedStripe-CloseUp-NoTalent-Real-07.jpg,BambooFlatSheet-Stripe-IcedIcedChocolateStripe-CloseUp-NoTalent-Real-07.jpg
Bamboo Flat Sheet/Stripe/Iced Chocolate Stripe,BambooFlatSheet-Stripe-IcedStripe-CloseUp-NoTalent-Real-08.jpg,BambooFlatSheet-Stripe-IcedIcedChocolateStripe-CloseUp-NoTalent-Real-08.jpg
Bamboo Flat Sheet/Stripe/Iced Chocolate Stripe,BambooFlatSheet-Stripe-IcedStripe-CloseUp-NoTalent-Real-09.jpg,BambooFlatSheet-Stripe-IcedIcedChocolateStripe-CloseUp-NoTalent-Real-09.jpg
Bamboo Flat Sheet/Stripe/Iced Chocolate Stripe,BambooFlatSheet-Stripe-IcedStripe-CloseUp-NoTalent-Real-10.jpg,BambooFlatSheet-Stripe-IcedIcedChocolateStripe-CloseUp-NoTalent-Real-10.jpg
Bamboo Flat Sheet/Stripe/Iced Chocolate Stripe,BambooFlatSheet-Stripe-IcedStripe-CloseUp-NoTalent-Real-11.jpg,BambooFlatSheet-Stripe-IcedIcedChocolateStripe-CloseUp-NoTalent-Real-11.jpg
Bamboo Flat Sheet/Stripe/Iced Chocolate Stripe,BambooFlatSheet-Stripe-IcedStripe-CloseUp-NoTalent-Real-12.jpg,BambooFlatSheet-Stripe-IcedIcedChocolateStripe-CloseUp-NoTalent-Real-12.jpg
Bamboo Flat Sheet/Stripe/Iced Chocolate Stripe,BambooFlatSheet-Stripe-IcedStripe-CloseUp-NoTalent-Real-13.jpg,BambooFlatSheet-Stripe-IcedIcedChocolateStripe-CloseUp-NoTalent-Real-13.jpg
Bamboo Flat Sheet/Stripe/Iced Chocolate Stripe,BambooFlatSheet-Stripe-IcedStripe-CloseUp-NoTalent-Real-14.jpg,BambooFlatSheet-Stripe-IcedIcedChocolateStripe-CloseUp-NoTalent-Real-14.jpg
Bamboo Flat Sheet/Stripe/Iced Chocolate Stripe,BambooFlatSheet-Stripe-IcedStripe-CloseUp-NoTalent-Real-15.jpg,BambooFlatSheet-Stripe-IcedIcedChocolateStripe-CloseUp-NoTalent-Real-15.jpg
Bamboo Flat Sheet/Stripe/Iced Chocolate Stripe,BambooFlatSheet-Stripe-IcedStripe-CloseUp-NoTalent-Real-16.jpg,BambooFlatSheet-Stripe-IcedIcedChocolateStripe-CloseUp-NoTalent-Real-16.jpg
Bamboo Flat Sheet/Stripe/Iced Chocolate Stripe,BambooFlatSheet-Stripe-IcedStripe-CloseUp-NoTalent-Real-17.jpg,BambooFlatSheet-Stripe-IcedIcedChocolateStripe-CloseUp-NoTalent-Real-17.jpg
Bamboo Flat Sheet/Stripe/Iced Chocolate Stripe,BambooFlatSheet-Stripe-IcedStripe-CloseUp-NoTalent-Real-18.jpg,BambooFlatSheet-Stripe-IcedIcedChocolateStripe-CloseUp-NoTalent-Real-18.jpg
Bamboo Flat Sheet/Stripe/Iced Chocolate Stripe,BambooFlatSheet-Stripe-IcedStripe-CloseUp-NoTalent-Real-19.jpg,BambooFlatSheet-Stripe-IcedIcedChocolateStripe-CloseUp-NoTalent-Real-19.jpg
Bamboo Flat Sheet/Stripe/Malt Caramel Stripe,BambooFlatSheet-MaltStripe-CloseUp-NoTalent-Real-01.jpg,BambooFlatSheet-MaltMaltCaramelStripe-CloseUp-NoTalent-Real-01.jpg
Bamboo Flat Sheet/Stripe/Malt Caramel Stripe,BambooFlatSheet-MaltStripe-CloseUp-NoTalent-Real-02.jpg,BambooFlatSheet-MaltMaltCaramelStripe-CloseUp-NoTalent-Real-02.jpg
Bamboo Flat Sheet/Stripe/Malt Caramel Stripe,BambooFlatSheet-MaltStripe-CloseUp-NoTalent-Real-03.jpg,BambooFlatSheet-MaltMaltCaramelStripe-CloseUp-NoTalent-Real-03.jpg
Bamboo Flat Sheet/Stripe/Malt Caramel Stripe,BambooFlatSheet-MaltStripe-CloseUp-NoTalent-Real-04.jpg,BambooFlatSheet-MaltMaltCaramelStripe-CloseUp-NoTalent-Real-04.jpg
Bamboo Flat Sheet/Stripe/Matcha Forest Stripe,BambooFlatSheet-Stripe-ForestStripe-Freestyle-NoTalent-Real-01.jpg,BambooFlatSheet-Stripe-MatchaForestStripe-Freestyle-NoTalent-Real-01.jpg
Bamboo Flat Sheet/Stripe/Merlot Strawberry Stripe,BambooFlatSheet-Stripe-MerlotStripe-CloseUp-NoTalent-Real-01.jpg,BambooFlatSheet-Stripe-StrawberryMerlotStripe-CloseUp-NoTalent-Real-01.jpg
Bamboo Flat Sheet/Stripe/Merlot Strawberry Stripe,BambooFlatSheet-Stripe-StrawberryStripe-CloseUp-NoTalent-Real-01.jpg,BambooFlatSheet-Stripe-StrawberryStrawberryMerlotStripe-CloseUp-NoTalent-Real-01.jpg
Bamboo Flat Sheet/Stripe/Merlot Strawberry Stripe,BambooFlatSheet-Stripe-StrawberryStripe-CloseUp-NoTalent-Real-02.jpg,BambooFlatSheet-Stripe-StrawberryStrawberryMerlotStripe-CloseUp-NoTalent-Real-02.jpg
Bamboo Flat Sheet/Stripe/Merlot Strawberry Stripe,BambooFlatSheet-Stripe-StrawberryStripe-CloseUp-NoTalent-Real-03.jpg,BambooFlatSheet-Stripe-StrawberryStrawberryMerlotStripe-CloseUp-NoTalent-Real-03.jpg
Bamboo Flat Sheet/Stripe/Merlot Strawberry Stripe,BambooFlatSheet-Stripe-StrawberryStripe-CloseUp-NoTalent-Real-04.jpg,BambooFlatSheet-Stripe-StrawberryStrawberryMerlotStripe-CloseUp-NoTalent-Real-04.jpg
Bamboo Flat Sheet/Stripe/Merlot Strawberry Stripe,BambooFlatSheet-Stripe-StrawberryStripe-CloseUp-NoTalent-Real-05.jpg,BambooFlatSheet-Stripe-StrawberryStrawberryMerlotStripe-CloseUp-NoTalent-Real-05.jpg
Bamboo Flat Sheet/Stripe/Merlot Strawberry Stripe,BambooFlatSheet-Stripe-StrawberryStripe-CloseUp-NoTalent-Real-06.jpg,BambooFlatSheet-Stripe-StrawberryStrawberryMerlotStripe-CloseUp-NoTalent-Real-06.jpg
Bamboo Flat Sheet/Stripe/Merlot Strawberry Stripe,BambooFlatSheet-Stripe-StrawberryStripe-CloseUp-NoTalent-Real-07.jpg,BambooFlatSheet-Stripe-StrawberryStrawberryMerlotStripe-CloseUp-NoTalent-Real-07.jpg
Bamboo Flat Sheet/Stripe/Merlot Strawberry Stripe,BambooFlatSheet-Stripe-StrawberryStripe-CloseUp-NoTalent-Real-08.jpg,BambooFlatSheet-Stripe-StrawberryStrawberryMerlotStripe-CloseUp-NoTalent-Real-08.jpg
Bamboo Flat Sheet/Stripe/Merlot Strawberry Stripe,BambooFlatSheet-Stripe-StrawberryStripe-CloseUp-NoTalent-Real-09.jpg,BambooFlatSheet-Stripe-StrawberryStrawberryMerlotStripe-CloseUp-NoTalent-Real-09.jpg
Bamboo Flat Sheet/Stripe/Merlot Strawberry Stripe,BambooFlatSheet-Stripe-StrawberryStripe-CloseUp-NoTalent-Real-10.jpg,BambooFlatSheet-Stripe-StrawberryStrawberryMerlotStripe-CloseUp-NoTalent-Real-10.jpg
Bamboo Flat Sheet/Stripe/Merlot Strawberry Stripe,BambooFlatSheet-Stripe-StrawberryStripe-CloseUp-NoTalent-Real-11.jpg,BambooFlatSheet-Stripe-StrawberryStrawberryMerlotStripe-CloseUp-NoTalent-Real-11.jpg
Bamboo Flat Sheet/Stripe/Merlot Strawberry Stripe,BambooFlatSheet-Stripe-StrawberryStripe-CloseUp-NoTalent-Real-12.jpg,BambooFlatSheet-Stripe-StrawberryStrawberryMerlotStripe-CloseUp-NoTalent-Real-12.jpg
Bamboo Flat Sheet/Stripe/Merlot Strawberry Stripe,BambooFlatSheet-Stripe-StrawberryStripe-CloseUp-NoTalent-Real-13.jpg,BambooFlatSheet-Stripe-StrawberryStrawberryMerlotStripe-CloseUp-NoTalent-Real-13.jpg
Bamboo Flat Sheet/Stripe/Merlot Strawberry Stripe,BambooFlatSheet-Stripe-StrawberryStripe-CloseUp-NoTalent-Real-14.jpg,BambooFlatSheet-Stripe-StrawberryStrawberryMerlotStripe-CloseUp-NoTalent-Real-14.jpg
Bamboo Flat Sheet/Stripe/Merlot Strawberry Stripe,BambooFlatSheet-Stripe-StrawberryStripe-CloseUp-NoTalent-Real-15.jpg,BambooFlatSheet-Stripe-StrawberryStrawberryMerlotStripe-CloseUp-NoTalent-Real-15.jpg
Bamboo Flat Sheet/Stripe/Sage Coconut Stripe,BambooFlatSheet-Stripe-CoconutStripe-CloseUp-NoTalent-Real-01.jpg,BambooFlatSheet-Stripe-SageCoconutStripe-CloseUp-NoTalent-Real-01.jpg
Bamboo Flat Sheet/Stripe/Sage Coconut Stripe,BambooFlatSheet-Stripe-CoconutStripe-CloseUp-NoTalent-Real-02.jpg,BambooFlatSheet-Stripe-SageCoconutStripe-CloseUp-NoTalent-Real-02.jpg
Bamboo Flat Sheet/Stripe/Sage Coconut Stripe,BambooFlatSheet-Stripe-SageStripe-CloseUp-NoTalent-Real-01.jpg,BambooFlatSheet-Stripe-SageSageCoconutStripe-CloseUp-NoTalent-Real-01.jpg
Bamboo Flat Sheet/Stripe/Sage Coconut Stripe,BambooFlatSheet-Stripe-SageStripe-CloseUp-NoTalent-Real-02.jpg,BambooFlatSheet-Stripe-SageSageCoconutStripe-CloseUp-NoTalent-Real-02.jpg
Bamboo Flat Sheet/Stripe/Sage Coconut Stripe,BambooFlatSheet-Stripe-SageStripe-CloseUp-NoTalent-Real-03.jpg,BambooFlatSheet-Stripe-SageSageCoconutStripe-CloseUp-NoTalent-Real-03.jpg
Bamboo Flat Sheet/Stripe/Sage Coconut Stripe,BambooFlatSheet-Stripe-SageStripe-CloseUp-NoTalent-Real-04.jpg,BambooFlatSheet-Stripe-SageSageCoconutStripe-CloseUp-NoTalent-Real-04.jpg
Bamboo Flat Sheet/Stripe/Sage Coconut Stripe,BambooFlatSheet-Stripe-SageStripe-CloseUp-NoTalent-Real-05.jpg,BambooFlatSheet-Stripe-SageSageCoconutStripe-CloseUp-NoTalent-Real-05.jpg
Bamboo Flat Sheet/Stripe/Sage Coconut Stripe,BambooFlatSheet-Stripe-SageStripe-CloseUp-NoTalent-Real-06.jpg,BambooFlatSheet-Stripe-SageSageCoconutStripe-CloseUp-NoTalent-Real-06.jpg
Bamboo Flat Sheet/Stripe/Sage Coconut Stripe,BambooFlatSheet-Stripe-SageStripe-CloseUp-NoTalent-Real-07.jpg,BambooFlatSheet-Stripe-SageSageCoconutStripe-CloseUp-NoTalent-Real-07.jpg
Bamboo Flat Sheet/Stripe/Sage Coconut Stripe,BambooFlatSheet-Stripe-SageStripe-CloseUp-NoTalent-Real-08.jpg,BambooFlatSheet-Stripe-SageSageCoconutStripe-CloseUp-NoTalent-Real-08.jpg
Bamboo Flat Sheet/Stripe/Sky Blue Stripe,BambooFlatSheet-Stripe-SkyStripe-CloseUp-NoTalent-Real-01.jpg,BambooFlatSheet-Stripe-CloudySkyStripe-CloseUp-NoTalent-Real-01.jpg
Bamboo Flat Sheet/Stripe/Sky Blue Stripe,BambooFlatSheet-Stripe-SkyStripe-CloseUp-NoTalent-Real-02.jpg,BambooFlatSheet-Stripe-CloudySkyStripe-CloseUp-NoTalent-Real-02.jpg
Bamboo Flat Sheet/Stripe/Sky Blue Stripe,BambooFlatSheet-Stripe-SkyStripe-CloseUp-NoTalent-Real-03.jpg,BambooFlatSheet-Stripe-CloudySkyStripe-CloseUp-NoTalent-Real-03.jpg
Bamboo Flat Sheet/Stripe/Sky Blue Stripe,BambooFlatSheet-Stripe-SkyStripe-CloseUp-NoTalent-Real-04.jpg,BambooFlatSheet-Stripe-CloudySkyStripe-CloseUp-NoTalent-Real-04.jpg
Bamboo Flat Sheet/Stripe/Sky Blue Stripe,BambooFlatSheet-Stripe-SkyStripe-CloseUp-NoTalent-Real-05.jpg,BambooFlatSheet-Stripe-CloudySkyStripe-CloseUp-NoTalent-Real-05.jpg
Bamboo Flat Sheet/Stripe/Sky Blue Stripe,BambooFlatSheet-Stripe-SkyStripe-CloseUp-NoTalent-Real-06.jpg,BambooFlatSheet-Stripe-CloudySkyStripe-CloseUp-NoTalent-Real-06.jpg
Bamboo Flat Sheet/Stripe/Sky Blue Stripe/Flat Sheet AI,BambooFlatSheet-Stripe-SkyStripe-CloseUp-NoTalent-AI-01.jpg,BambooFlatSheet-Stripe-CloudySkyStripe-CloseUp-NoTalent-AI-01.jpg
Bamboo Flat Sheet/Stripe/Sky Blue Stripe/Flat Sheet AI,BambooFlatSheet-Stripe-SkyStripe-CloseUp-NoTalent-AI-02.jpg,BambooFlatSheet-Stripe-CloudySkyStripe-CloseUp-NoTalent-AI-02.jpg
Bamboo Flat Sheet/Stripe/Sky Blue Stripe/Flat Sheet AI,BambooFlatSheet-Stripe-SkyStripe-CloseUp-NoTalent-AI-03.jpg,BambooFlatSheet-Stripe-CloudySkyStripe-CloseUp-NoTalent-AI-03.jpg
Bamboo Flat Sheet/Stripe/Sky Blue Stripe/Flat Sheet AI,BambooFlatSheet-Stripe-SkyStripe-CloseUp-NoTalent-AI-04.jpg,BambooFlatSheet-Stripe-CloudySkyStripe-CloseUp-NoTalent-AI-04.jpg
Bamboo Flat Sheet/Stripe/Sky Blue Stripe/Flat Sheet AI,BambooFlatSheet-Stripe-SkyStripe-CloseUp-NoTalent-AI-05.jpg,BambooFlatSheet-Stripe-CloudySkyStripe-CloseUp-NoTalent-AI-05.jpg
Bamboo Pillowcase Set/Stripe/Caramel Stripe,BambooPillowcase-Stripe-CaramelStripe-Freestyle-NoTalent-Real-01.jpg,BambooPillowcase-Stripe-MaltCaramelStripe-Freestyle-NoTalent-Real-01.jpg
Bamboo Quilt Cover Set/Stripe/Malt Caramel Stripe/No Talent,*BambooQuiltCover-Stripe-MaltCaramelStripes-Freestyle-NoTalent-Real-01.jpg,*BambooQuiltCover-Stripe-MaltMaltCaramelStripes-Freestyle-NoTalent-Real-01.jpg
Bamboo Quilt Cover Set/Stripe/Malt Caramel Stripe/No Talent,*BambooQuiltCover-Stripe-MaltCaramelStripes-Freestyle-NoTalent-Real-02.jpg,*BambooQuiltCover-Stripe-MaltMaltCaramelStripes-Freestyle-NoTalent-Real-02.jpg
Bamboo Quilt Cover Set/Stripe/Strawberry Merlot Stripe/No Talent,BambooQuiltCover-Stripe-StrawberryStripe-High45-NoTalent-Real-01.jpg,BambooQuiltCover-Stripe-StrawberryStrawberryMerlotStripe-High45-NoTalent-Real-01.jpg
Bamboo Quilt Cover Set/Stripe/Strawberry Merlot Stripe/No Talent,BambooQuiltCover-Stripe-StrawberryStripe-High45-NoTalent-Real-02.jpg,BambooQuiltCover-Stripe-StrawberryStrawberryMerlotStripe-High45-NoTalent-Real-02.jpg
Bamboo Quilt Cover Set/Stripe/Strawberry Merlot Stripe/No Talent,BambooQuiltCover-Stripe-StrawberryStripe-High45-NoTalent-Real-03.jpg,BambooQuiltCover-Stripe-StrawberryStrawberryMerlotStripe-High45-NoTalent-Real-03.jpg
Bamboo Sheet Set/Stripe/Burnt Peach Stripe/No Talent,*BambooSheetSet-Stripe-BurntStripe-Deepetch-NoTalent-AI-02.png,*BambooSheetSet-Stripe-BurntBurntPeachStripe-Deepetch-NoTalent-AI-02.png
Bamboo Sheet Set/Stripe/Burnt Peach Stripe/No Talent,*BambooSheetSet-Stripe-PeachStripe-Deepetch-NoTalent-AI-01.png,*BambooSheetSet-Stripe-BurntPeachStripe-Deepetch-NoTalent-AI-01.png
Bamboo Sheet Set/Stripe/Cloudy Sky Stripe,BambooBedSheet-Stripe-BlueStripe-High45-NoTalent-Real-01.jpg,BambooSheetSet-Stripe-BlueStripe-High45-NoTalent-Real-01.jpg
Bamboo Sheet Set/Stripe/Cloudy Sky Stripe,BambooBedSheet-Stripe-BlueStripe-Side-NoTalent-Real-01.jpg,BambooSheetSet-Stripe-BlueStripe-Side-NoTalent-Real-01.jpg
Bamboo Sheet Set/Stripe/Cloudy Sky Stripe,BambooBedSheet-Stripe-BlueStripe-Side-NoTalent-Real-02.jpg,BambooSheetSet-Stripe-BlueStripe-Side-NoTalent-Real-02.jpg
Bamboo Sheet Set/Stripe/Cloudy Sky Stripe,BambooBedSheet-Stripe-BlueStripe-Side-NoTalent-Real-03.jpg,BambooSheetSet-Stripe-BlueStripe-Side-NoTalent-Real-03.jpg
Bamboo Sheet Set/Stripe/Cloudy Sky Stripe,BambooBedSheet-Stripe-BlueStripe-Side-NoTalent-Real-04.jpg,BambooSheetSet-Stripe-BlueStripe-Side-NoTalent-Real-04.jpg
Bamboo Sheet Set/Stripe/Cloudy Sky Stripe,BambooBedSheet-Stripe-BlueStripe-Side-NoTalent-Real-05.jpg,BambooSheetSet-Stripe-BlueStripe-Side-NoTalent-Real-05.jpg
Bamboo Sheet Set/Stripe/Cloudy Sky Stripe,BambooBedSheet-Stripe-BlueStripe-Side-NoTalent-Real-06.jpg,BambooSheetSet-Stripe-BlueStripe-Side-NoTalent-Real-06.jpg
Bamboo Sheet Set/Stripe/Cloudy Sky Stripe,BambooBedSheet-Stripe-BlueStripe-Side-NoTalent-Real-07.jpg,BambooSheetSet-Stripe-BlueStripe-Side-NoTalent-Real-07.jpg
Bamboo Sheet Set/Stripe/Cloudy Sky Stripe,BambooBedSheet-Stripe-BlueStripe-Side-NoTalent-Real-08.jpg,BambooSheetSet-Stripe-BlueStripe-Side-NoTalent-Real-08.jpg
Bamboo Sheet Set/Stripe/Cloudy Sky Stripe,BambooBedSheet-Stripe-BlueStripe-Side-NoTalent-Real-09.jpg,BambooSheetSet-Stripe-BlueStripe-Side-NoTalent-Real-09.jpg
Bamboo Sheet Set/Stripe/Cloudy Sky Stripe,BambooBedSheet-Stripe-BlueStripe-Side-NoTalent-Real-10.jpg,BambooSheetSet-Stripe-BlueStripe-Side-NoTalent-Real-10.jpg
Bamboo Sheet Set/Stripe/Cloudy Sky Stripe,BambooBedSheet-Stripe-BlueStripe-Side-NoTalent-Real-11.jpg,BambooSheetSet-Stripe-BlueStripe-Side-NoTalent-Real-11.jpg
Bamboo Sheet Set/Stripe/Cloudy Sky Stripe,BambooBedSheet-Stripe-BlueStripe-Side-NoTalent-Real-12.jpg,BambooSheetSet-Stripe-BlueStripe-Side-NoTalent-Real-12.jpg
Bamboo Sheet Set/Stripe/Cloudy Sky Stripe,BambooBedSheet-Stripe-BlueStripe-Side-NoTalent-Real-13.jpg,BambooSheetSet-Stripe-BlueStripe-Side-NoTalent-Real-13.jpg
Bamboo Sheet Set/Stripe/Cloudy Sky Stripe,BambooBedSheet-Stripe-BlueStripe-Side-NoTalent-Real-14.jpg,BambooSheetSet-Stripe-BlueStripe-Side-NoTalent-Real-14.jpg
Bamboo Sheet Set/Stripe/Cloudy Sky Stripe,BambooBedSheet-Stripe-BlueStripe-Side-NoTalent-Real-15.jpg,BambooSheetSet-Stripe-BlueStripe-Side-NoTalent-Real-15.jpg
Bamboo Sheet Set/Stripe/Cloudy Sky Stripe,BambooBedSheet-Stripe-BlueStripe-Side-NoTalent-Real-16.jpg,BambooSheetSet-Stripe-BlueStripe-Side-NoTalent-Real-16.jpg
Bamboo Sheet Set/Stripe/Cloudy Sky Stripe,BambooBedSheet-Stripe-BlueStripe-Side-NoTalent-Real-17.jpg,BambooSheetSet-Stripe-BlueStripe-Side-NoTalent-Real-17.jpg
Bamboo Sheet Set/Stripe/Cloudy Sky Stripe,BambooBedSheet-Stripe-BlueStripe-Side-NoTalent-Real-18.jpg,BambooSheetSet-Stripe-BlueStripe-Side-NoTalent-Real-18.jpg
Bamboo Sheet Set/Stripe/Cloudy Sky Stripe,BambooBedSheet-Stripe-BlueStripe-Side-NoTalent-Real-19.jpg,BambooSheetSet-Stripe-BlueStripe-Side-NoTalent-Real-19.jpg
Bamboo Sheet Set/Stripe/Cloudy Sky Stripe,BambooBedSheet-Stripe-BlueStripe-Side-NoTalent-Real-20.jpg,BambooSheetSet-Stripe-BlueStripe-Side-NoTalent-Real-20.jpg
Bamboo Sheet Set/Stripe/Cloudy Sky Stripe,BambooBedSheet-Stripe-BlueStripe-Side-NoTalent-Real-21.jpg,BambooSheetSet-Stripe-BlueStripe-Side-NoTalent-Real-21.jpg
Bamboo Sheet Set/Stripe/Cloudy Sky Stripe,BambooBedSheet-Stripe-BlueStripe-Side-NoTalent-Real-22.jpg,BambooSheetSet-Stripe-BlueStripe-Side-NoTalent-Real-22.jpg
Bamboo Sheet Set/Stripe/Cloudy Sky Stripe,BambooBedSheet-Stripe-BlueStripe-Side-NoTalent-Real-23.jpg,BambooSheetSet-Stripe-BlueStripe-Side-NoTalent-Real-23.jpg
Bamboo Sheet Set/Stripe/Cloudy Sky Stripe,BambooBedSheet-Stripe-BlueStripe-Side-NoTalent-Real-24.jpg,BambooSheetSet-Stripe-BlueStripe-Side-NoTalent-Real-24.jpg
Bamboo Sheet Set/Stripe/Cloudy Sky Stripe,BambooBedSheet-Stripe-BlueStripe-Side-NoTalent-Real-25.jpg,BambooSheetSet-Stripe-BlueStripe-Side-NoTalent-Real-25.jpg
Bamboo Sheet Set/Stripe/Cloudy Sky Stripe,BambooBedSheet-Stripe-SkyStripe-Low45-NoTalent-Real-01.jpg,BambooSheetSet-Stripe-CloudySkyStripe-Low45-NoTalent-Real-01.jpg
Bamboo Sheet Set/Stripe/Cloudy Sky Stripe,BambooBedSheet-Stripe-SkyStripe-Low45-NoTalent-Real-02.jpg,BambooSheetSet-Stripe-CloudySkyStripe-Low45-NoTalent-Real-02.jpg
Bamboo Sheet Set/Stripe/Cloudy Sky Stripe,BambooBedSheet-Stripe-SkyStripe-Side-NoTalent-Real-01.jpg,BambooSheetSet-Stripe-CloudySkyStripe-Side-NoTalent-Real-01.jpg
Bamboo Sheet Set/Stripe/Cloudy Sky Stripe,BambooBedSheet-Stripe-SkyStripe-Side-NoTalent-Real-02.jpg,BambooSheetSet-Stripe-CloudySkyStripe-Side-NoTalent-Real-02.jpg
Bamboo Sheet Set/Stripe/Cloudy Sky Stripe,BambooBedSheet-Stripe-SkyStripe-Side-NoTalent-Real-03.jpg,BambooSheetSet-Stripe-CloudySkyStripe-Side-NoTalent-Real-03.jpg
Bamboo Sheet Set/Stripe/Cloudy Sky Stripe,BambooSheetSet-Stripe-SkyStripe-Low45-NoTalent-AI-01.jpg,BambooSheetSet-Stripe-CloudySkyStripe-Low45-NoTalent-AI-01.jpg
Bamboo Sheet Set/Stripe/Cloudy Sky Stripe,BambooSheetSet-Stripe-SkyStripe-Low45-NoTalent-AI-02.jpg,BambooSheetSet-Stripe-CloudySkyStripe-Low45-NoTalent-AI-02.jpg
Bamboo Sheet Set/Stripe/Cloudy Sky Stripe,BambooSheetSet-Stripe-SkyStripe-Side-NoTalent-AI-01.jpg,BambooSheetSet-Stripe-CloudySkyStripe-Side-NoTalent-AI-01.jpg
Bamboo Sheet Set/Stripe/Cloudy Sky Stripe,BambooSheetSet-Stripe-SkyStripe-Side-NoTalent-AI-02.jpg,BambooSheetSet-Stripe-CloudySkyStripe-Side-NoTalent-AI-02.jpg
Bamboo Sheet Set/Stripe/Cloudy Sky Stripe,BambooSheetSet-Stripe-SkyStripe-Side-NoTalent-AI-03.jpg,BambooSheetSet-Stripe-CloudySkyStripe-Side-NoTalent-AI-03.jpg
Bamboo Sheet Set/Stripe/Iced Chocolate Stripe,BambooSheetSet-Stripe-ChocolateStripe-CloseUp-NoTalent-Real-01.jpg,BambooSheetSet-Stripe-IcedChocolateStripe-CloseUp-NoTalent-Real-01.jpg
Bamboo Sheet Set/Stripe/Iced Chocolate Stripe,BambooSheetSet-Stripe-ChocolateStripe-CloseUp-NoTalent-Real-02.jpg,BambooSheetSet-Stripe-IcedChocolateStripe-CloseUp-NoTalent-Real-02.jpg
Bamboo Sheet Set/Stripe/Iced Chocolate Stripe,BambooSheetSet-Stripe-ChocolateStripe-CloseUp-NoTalent-Real-03.jpg,BambooSheetSet-Stripe-IcedChocolateStripe-CloseUp-NoTalent-Real-03.jpg
Bamboo Sheet Set/Stripe/Iced Chocolate Stripe,BambooSheetSet-Stripe-ChocolateStripe-CloseUp-NoTalent-Real-04.jpg,BambooSheetSet-Stripe-IcedChocolateStripe-CloseUp-NoTalent-Real-04.jpg
Bamboo Sheet Set/Stripe/Iced Chocolate Stripe,BambooSheetSet-Stripe-ChocolateStripe-Low45-NoTalent-Real-01.jpg,BambooSheetSet-Stripe-IcedChocolateStripe-Low45-NoTalent-Real-01.jpg
Bamboo Sheet Set/Stripe/Iced Chocolate Stripe,BambooSheetSet-Stripe-ChocolateStripe-Low45-NoTalent-Real-02.jpg,BambooSheetSet-Stripe-IcedChocolateStripe-Low45-NoTalent-Real-02.jpg
Bamboo Sheet Set/Stripe/Iced Chocolate Stripe,BambooSheetSet-Stripe-ChocolateStripe-Low45-NoTalent-Real-03.jpg,BambooSheetSet-Stripe-IcedChocolateStripe-Low45-NoTalent-Real-03.jpg
Bamboo Sheet Set/Stripe/Iced Chocolate Stripe,BambooSheetSet-Stripe-ChocolateStripe-Low45-NoTalent-Real-04.jpg,BambooSheetSet-Stripe-IcedChocolateStripe-Low45-NoTalent-Real-04.jpg
Bamboo Sheet Set/Stripe/Iced Chocolate Stripe,BambooSheetSet-Stripe-ChocolateStripe-Low45-NoTalent-Real-05.jpg,BambooSheetSet-Stripe-IcedChocolateStripe-Low45-NoTalent-Real-05.jpg
Bamboo Sheet Set/Stripe/Iced Chocolate Stripe,BambooSheetSet-Stripe-ChocolateStripe-Low45-NoTalent-Real-06.jpg,BambooSheetSet-Stripe-IcedChocolateStripe-Low45-NoTalent-Real-06.jpg
Bamboo Sheet Set/Stripe/Iced Chocolate Stripe,BambooSheetSet-Stripe-ChocolateStripe-Low45-NoTalent-Real-07.jpg,BambooSheetSet-Stripe-IcedChocolateStripe-Low45-NoTalent-Real-07.jpg
Bamboo Sheet Set/Stripe/Iced Chocolate Stripe,BambooSheetSet-Stripe-ChocolateStripe-Low45-NoTalent-Real-08.jpg,BambooSheetSet-Stripe-IcedChocolateStripe-Low45-NoTalent-Real-08.jpg
Bamboo Sheet Set/Stripe/Iced Chocolate Stripe,BambooSheetSet-Stripe-ChocolateStripe-Overhead-NoTalent-Real-01.jpg,BambooSheetSet-Stripe-IcedChocolateStripe-Overhead-NoTalent-Real-01.jpg
Bamboo Sheet Set/Stripe/Iced Chocolate Stripe,BambooSheetSet-Stripe-ChocolateStripe-Overhead-NoTalent-Real-02.jpg,BambooSheetSet-Stripe-IcedChocolateStripe-Overhead-NoTalent-Real-02.jpg
Bamboo Sheet Set/Stripe/Iced Chocolate Stripe,BambooSheetSet-Stripe-ChocolateStripe-Overhead-NoTalent-Real-03.jpg,BambooSheetSet-Stripe-IcedChocolateStripe-Overhead-NoTalent-Real-03.jpg
Bamboo Sheet Set/Stripe/Iced Chocolate Stripe,BambooSheetSet-Stripe-ChocolateStripe-Overhead-NoTalent-Real-04.jpg,BambooSheetSet-Stripe-IcedChocolateStripe-Overhead-NoTalent-Real-04.jpg
Bamboo Sheet Set/Stripe/Iced Chocolate Stripe,BambooSheetSet-Stripe-ChocolateStripe-Overhead-NoTalent-Real-05.jpg,BambooSheetSet-Stripe-IcedChocolateStripe-Overhead-NoTalent-Real-05.jpg
Bamboo Sheet Set/Stripe/Iced Chocolate Stripe,BambooSheetSet-Stripe-ChocolateStripe-Side-NoTalent-Real-01.jpg,BambooSheetSet-Stripe-IcedChocolateStripe-Side-NoTalent-Real-01.jpg
Bamboo Sheet Set/Stripe/Iced Chocolate Stripe,BambooSheetSet-Stripe-ChocolateStripe-Side-NoTalent-Real-02.jpg,BambooSheetSet-Stripe-IcedChocolateStripe-Side-NoTalent-Real-02.jpg
Bamboo Sheet Set/Stripe/Iced Chocolate Stripe,BambooSheetSet-Stripe-ChocolateStripe-Side-NoTalent-Real-03.jpg,BambooSheetSet-Stripe-IcedChocolateStripe-Side-NoTalent-Real-03.jpg
Bamboo Sheet Set/Stripe/Iced Chocolate Stripe,BambooSheetSet-Stripe-ChocolateStripe-Side-NoTalent-Real-04.jpg,BambooSheetSet-Stripe-IcedChocolateStripe-Side-NoTalent-Real-04.jpg
Bamboo Sheet Set/Stripe/Iced Chocolate Stripe,BambooSheetSet-Stripe-ChocolateStripe-Side-NoTalent-Real-05.jpg,BambooSheetSet-Stripe-IcedChocolateStripe-Side-NoTalent-Real-05.jpg
Bamboo Sheet Set/Stripe/Iced Chocolate Stripe,BambooSheetSet-Stripe-ChocolateStripe-Side-NoTalent-Real-06.jpg,BambooSheetSet-Stripe-IcedChocolateStripe-Side-NoTalent-Real-06.jpg
Bamboo Sheet Set/Stripe/Iced Chocolate Stripe,BambooSheetSet-Stripe-ChocolateStripe-Side-NoTalent-Real-07.jpg,BambooSheetSet-Stripe-IcedChocolateStripe-Side-NoTalent-Real-07.jpg
Bamboo Sheet Set/Stripe/Iced Chocolate Stripe,BambooSheetSet-Stripe-ChocolateStripe-Side-NoTalent-Real-08.jpg,BambooSheetSet-Stripe-IcedChocolateStripe-Side-NoTalent-Real-08.jpg
Bamboo Sheet Set/Stripe/Iced Chocolate Stripe,BambooSheetSet-Stripe-ChocolateStripe-Side-NoTalent-Real-09.jpg,BambooSheetSet-Stripe-IcedChocolateStripe-Side-NoTalent-Real-09.jpg
Bamboo Sheet Set/Stripe/Iced Chocolate Stripe,BambooSheetSet-Stripe-ChocolateStripe-Side-NoTalent-Real-10.jpg,BambooSheetSet-Stripe-IcedChocolateStripe-Side-NoTalent-Real-10.jpg
Bamboo Sheet Set/Stripe/Iced Chocolate Stripe,BambooSheetSet-Stripe-ChocolateStripe-Side-NoTalent-Real-11.jpg,BambooSheetSet-Stripe-IcedChocolateStripe-Side-NoTalent-Real-11.jpg
Bamboo Sheet Set/Stripe/Iced Chocolate Stripe,BambooSheetSet-Stripe-ChocolateStripe-Side-NoTalent-Real-12.jpg,BambooSheetSet-Stripe-IcedChocolateStripe-Side-NoTalent-Real-12.jpg
Bamboo Sheet Set/Stripe/Iced Chocolate Stripe,BambooSheetSet-Stripe-ChocolateStripe-Side-NoTalent-Real-13.jpg,BambooSheetSet-Stripe-IcedChocolateStripe-Side-NoTalent-Real-13.jpg
Bamboo Sheet Set/Stripe/Iced Chocolate Stripe,BambooSheetSet-Stripe-IcedStripe-Low45-NoTalent-Real-01.jpg,BambooSheetSet-Stripe-IcedIcedChocolateStripe-Low45-NoTalent-Real-01.jpg
Bamboo Sheet Set/Stripe/Iced Chocolate Stripe,BambooSheetSet-Stripe-IcedStripe-Low45-NoTalent-Real-02.jpg,BambooSheetSet-Stripe-IcedIcedChocolateStripe-Low45-NoTalent-Real-02.jpg
Bamboo Sheet Set/Stripe/Iced Chocolate Stripe,BambooSheetSet-Stripe-IcedStripe-Side-NoTalent-Real-01.jpg,BambooSheetSet-Stripe-IcedIcedChocolateStripe-Side-NoTalent-Real-01.jpg
Bamboo Sheet Set/Stripe/Iced Chocolate Stripe,BambooSheetSet-Stripe-IcedStripe-Side-NoTalent-Real-02.jpg,BambooSheetSet-Stripe-IcedIcedChocolateStripe-Side-NoTalent-Real-02.jpg
Bamboo Sheet Set/Stripe/Iced Chocolate Stripe,BambooSheetSet-Stripe-IcedStripe-Side-NoTalent-Real-03.jpg,BambooSheetSet-Stripe-IcedIcedChocolateStripe-Side-NoTalent-Real-03.jpg
Bamboo Sheet Set/Stripe/Iced Chocolate Stripe,BambooSheetSet-Stripe-IcedStripe-Side-NoTalent-Real-04.jpg,BambooSheetSet-Stripe-IcedIcedChocolateStripe-Side-NoTalent-Real-04.jpg
Bamboo Sheet Set/Stripe/Iced Chocolate Stripe,BambooSheetSet-Stripe-IcedStripe-Side-NoTalent-Real-05.jpg,BambooSheetSet-Stripe-IcedIcedChocolateStripe-Side-NoTalent-Real-05.jpg
Bamboo Sheet Set/Stripe/Iced Chocolate Stripe,BambooSheetSet-Stripe-IcedStripe-Side-NoTalent-Real-06.jpg,BambooSheetSet-Stripe-IcedIcedChocolateStripe-Side-NoTalent-Real-06.jpg
Bamboo Sheet Set/Stripe/Iced Chocolate Stripe,BambooSheetSet-Stripe-IcedStripe-Side-NoTalent-Real-07.jpg,BambooSheetSet-Stripe-IcedIcedChocolateStripe-Side-NoTalent-Real-07.jpg
Bamboo Sheet Set/Stripe/Iced Chocolate Stripe,BambooSheetSet-Stripe-IcedStripe-Side-NoTalent-Real-08.jpg,BambooSheetSet-Stripe-IcedIcedChocolateStripe-Side-NoTalent-Real-08.jpg
Bamboo Sheet Set/Stripe/Iced Chocolate Stripe,BambooSheetSet-Stripe-IcedStripe-Side-NoTalent-Real-09.jpg,BambooSheetSet-Stripe-IcedIcedChocolateStripe-Side-NoTalent-Real-09.jpg
Bamboo Sheet Set/Stripe/Iced Chocolate Stripe,BambooSheetSet-Stripe-IcedStripe-Side-NoTalent-Real-10.jpg,BambooSheetSet-Stripe-IcedIcedChocolateStripe-Side-NoTalent-Real-10.jpg
Bamboo Sheet Set/Stripe/Iced Chocolate Stripe,BambooSheetSet-Stripe-IcedStripe-Side-NoTalent-Real-11.jpg,BambooSheetSet-Stripe-IcedIcedChocolateStripe-Side-NoTalent-Real-11.jpg
Bamboo Sheet Set/Stripe/Iced Chocolate Stripe,BambooSheetSet-Stripe-IcedStripe-Side-NoTalent-Real-12.jpg,BambooSheetSet-Stripe-IcedIcedChocolateStripe-Side-NoTalent-Real-12.jpg
Bamboo Sheet Set/Stripe/Iced Chocolate Stripe,BambooSheetSet-Stripe-IcedStripe-Side-NoTalent-Real-13.jpg,BambooSheetSet-Stripe-IcedIcedChocolateStripe-Side-NoTalent-Real-13.jpg
Bamboo Sheet Set/Stripe/Iced Chocolate Stripe,BambooSheetSet-Stripe-IcedStripe-Side-NoTalent-Real-14.jpg,BambooSheetSet-Stripe-IcedIcedChocolateStripe-Side-NoTalent-Real-14.jpg
Bamboo Sheet Set/Stripe/Iced Chocolate Stripe,BambooSheetSet-Stripe-IcedStripe-Side-NoTalent-Real-15.jpg,BambooSheetSet-Stripe-IcedIcedChocolateStripe-Side-NoTalent-Real-15.jpg
Bamboo Sheet Set/Stripe/Iced Chocolate Stripe,BambooSheetSet-Stripe-IcedStripe-Side-NoTalent-Real-16.jpg,BambooSheetSet-Stripe-IcedIcedChocolateStripe-Side-NoTalent-Real-16.jpg
Bamboo Sheet Set/Stripe/Iced Chocolate Stripe,BambooSheetSet-Stripe-IcedStripe-Side-NoTalent-Real-17.jpg,BambooSheetSet-Stripe-IcedIcedChocolateStripe-Side-NoTalent-Real-17.jpg
Bamboo Sheet Set/Stripe/Iced Chocolate Stripe,BambooSheetSet-Stripe-IcedStripe-Side-NoTalent-Real-18.jpg,BambooSheetSet-Stripe-IcedIcedChocolateStripe-Side-NoTalent-Real-18.jpg
Bamboo Sheet Set/Stripe/Iced Chocolate Stripe,BambooSheetSet-Stripe-IcedStripe-Side-NoTalent-Real-19.jpg,BambooSheetSet-Stripe-IcedIcedChocolateStripe-Side-NoTalent-Real-19.jpg
Bamboo Sheet Set/Stripe/Iced Chocolate Stripe,BambooSheetSet-Stripe-IcedStripe-Side-NoTalent-Real-20.jpg,BambooSheetSet-Stripe-IcedIcedChocolateStripe-Side-NoTalent-Real-20.jpg
Bamboo Sheet Set/Stripe/Malt Caramel Stripe/No Talent,BambooBedSheet-Stripe-CaramelStripe-CloseUp-NoTalent-Real-01.jpg,BambooSheetSet-Stripe-MaltCaramelStripe-CloseUp-NoTalent-Real-01.jpg
Bamboo Sheet Set/Stripe/Malt Caramel Stripe/No Talent,BambooBedSheet-Stripe-CaramelStripe-CloseUp-NoTalent-Real-02.jpg,BambooSheetSet-Stripe-MaltCaramelStripe-CloseUp-NoTalent-Real-02.jpg
Bamboo Sheet Set/Stripe/Malt Caramel Stripe/No Talent,BambooBedSheet-Stripe-CaramelStripe-CloseUp-NoTalent-Real-03.jpg,BambooSheetSet-Stripe-MaltCaramelStripe-CloseUp-NoTalent-Real-03.jpg
Bamboo Sheet Set/Stripe/Malt Caramel Stripe/No Talent,BambooBedSheet-Stripe-CaramelStripe-CloseUp-NoTalent-Real-04.jpg,BambooSheetSet-Stripe-MaltCaramelStripe-CloseUp-NoTalent-Real-04.jpg
Bamboo Sheet Set/Stripe/Malt Caramel Stripe/No Talent,BambooBedSheet-Stripe-CaramelStripe-High45-NoTalent-Real-01.jpg,BambooSheetSet-Stripe-MaltCaramelStripe-High45-NoTalent-Real-01.jpg
Bamboo Sheet Set/Stripe/Malt Caramel Stripe/No Talent,BambooBedSheet-Stripe-CaramelStripe-High45-NoTalent-Real-02.jpg,BambooSheetSet-Stripe-MaltCaramelStripe-High45-NoTalent-Real-02.jpg
Bamboo Sheet Set/Stripe/Malt Caramel Stripe/No Talent,BambooBedSheet-Stripe-CaramelStripe-Low45-NoTalent-Real-01.jpg,BambooSheetSet-Stripe-MaltCaramelStripe-Low45-NoTalent-Real-01.jpg
Bamboo Sheet Set/Stripe/Malt Caramel Stripe/No Talent,BambooBedSheet-Stripe-CaramelStripe-Low45-NoTalent-Real-02.jpg,BambooSheetSet-Stripe-MaltCaramelStripe-Low45-NoTalent-Real-02.jpg
Bamboo Sheet Set/Stripe/Malt Caramel Stripe/No Talent,BambooBedSheet-Stripe-CaramelStripe-Low45-NoTalent-Real-03.jpg,BambooSheetSet-Stripe-MaltCaramelStripe-Low45-NoTalent-Real-03.jpg
Bamboo Sheet Set/Stripe/Malt Caramel Stripe/No Talent,BambooBedSheet-Stripe-CaramelStripe-Low45-NoTalent-Real-04.jpg,BambooSheetSet-Stripe-MaltCaramelStripe-Low45-NoTalent-Real-04.jpg
Bamboo Sheet Set/Stripe/Malt Caramel Stripe/No Talent,BambooBedSheet-Stripe-CaramelStripe-Low45-NoTalent-Real-05.jpg,BambooSheetSet-Stripe-MaltCaramelStripe-Low45-NoTalent-Real-05.jpg
Bamboo Sheet Set/Stripe/Malt Caramel Stripe/No Talent,BambooBedSheet-Stripe-CaramelStripe-Low45-NoTalent-Real-06.jpg,BambooSheetSet-Stripe-MaltCaramelStripe-Low45-NoTalent-Real-06.jpg
Bamboo Sheet Set/Stripe/Malt Caramel Stripe/No Talent,BambooBedSheet-Stripe-CaramelStripe-Side-NoTalent-Real-01.jpg,BambooSheetSet-Stripe-MaltCaramelStripe-Side-NoTalent-Real-01.jpg
Bamboo Sheet Set/Stripe/Malt Caramel Stripe/No Talent,BambooBedSheet-Stripe-CaramelStripe-Side-NoTalent-Real-02.jpg,BambooSheetSet-Stripe-MaltCaramelStripe-Side-NoTalent-Real-02.jpg
Bamboo Sheet Set/Stripe/Malt Caramel Stripe/No Talent,BambooBedSheet-Stripe-CaramelStripe-Side-NoTalent-Real-03.jpg,BambooSheetSet-Stripe-MaltCaramelStripe-Side-NoTalent-Real-03.jpg
Bamboo Sheet Set/Stripe/Malt Caramel Stripe/No Talent,BambooBedSheet-Stripe-CaramelStripe-Side-NoTalent-Real-04.jpg,BambooSheetSet-Stripe-MaltCaramelStripe-Side-NoTalent-Real-04.jpg
Bamboo Sheet Set/Stripe/Malt Caramel Stripe/No Talent,BambooBedSheet-Stripe-CaramelStripe-Side-NoTalent-Real-05.jpg,BambooSheetSet-Stripe-MaltCaramelStripe-Side-NoTalent-Real-05.jpg
Bamboo Sheet Set/Stripe/Malt Caramel Stripe/No Talent,BambooBedSheet-Stripe-CaramelStripe-Side-NoTalent-Real-06.jpg,BambooSheetSet-Stripe-MaltCaramelStripe-Side-NoTalent-Real-06.jpg
Bamboo Sheet Set/Stripe/Malt Caramel Stripe/No Talent,BambooBedSheet-Stripe-CaramelStripe-Side-NoTalent-Real-07.jpg,BambooSheetSet-Stripe-MaltCaramelStripe-Side-NoTalent-Real-07.jpg
Bamboo Sheet Set/Stripe/Malt Caramel Stripe/No Talent,BambooBedSheet-Stripe-CaramelStripe-Side-NoTalent-Real-08.jpg,BambooSheetSet-Stripe-MaltCaramelStripe-Side-NoTalent-Real-08.jpg
Bamboo Sheet Set/Stripe/Malt Caramel Stripe/No Talent,BambooBedSheet-Stripe-CaramelStripe-Side-NoTalent-Real-09.jpg,BambooSheetSet-Stripe-MaltCaramelStripe-Side-NoTalent-Real-09.jpg
Bamboo Sheet Set/Stripe/Malt Caramel Stripe/No Talent,BambooBedSheet-Stripe-CaramelStripe-Side-NoTalent-Real-10.jpg,BambooSheetSet-Stripe-MaltCaramelStripe-Side-NoTalent-Real-10.jpg
Bamboo Sheet Set/Stripe/Malt Caramel Stripe/No Talent,BambooBedSheet-Stripe-CaramelStripe-Side-NoTalent-Real-11.jpg,BambooSheetSet-Stripe-MaltCaramelStripe-Side-NoTalent-Real-11.jpg
Bamboo Sheet Set/Stripe/Malt Caramel Stripe/No Talent,BambooBedSheet-Stripe-CaramelStripe-Side-NoTalent-Real-12.jpg,BambooSheetSet-Stripe-MaltCaramelStripe-Side-NoTalent-Real-12.jpg
Bamboo Sheet Set/Stripe/Malt Caramel Stripe/No Talent,BambooBedSheet-Stripe-CaramelStripe-Side-NoTalent-Real-13.jpg,BambooSheetSet-Stripe-MaltCaramelStripe-Side-NoTalent-Real-13.jpg
Bamboo Sheet Set/Stripe/Malt Caramel Stripe/No Talent,BambooBedSheet-Stripe-CaramelStripe-Side-NoTalent-Real-14.jpg,BambooSheetSet-Stripe-MaltCaramelStripe-Side-NoTalent-Real-14.jpg
Bamboo Sheet Set/Stripe/Malt Caramel Stripe/No Talent,BambooBedSheet-Stripe-CaramelStripe-Side-NoTalent-Real-15.jpg,BambooSheetSet-Stripe-MaltCaramelStripe-Side-NoTalent-Real-15.jpg
Bamboo Sheet Set/Stripe/Malt Caramel Stripe/No Talent,BambooBedSheet-Stripe-CaramelStripe-Side-NoTalent-Real-16.jpg,BambooSheetSet-Stripe-MaltCaramelStripe-Side-NoTalent-Real-16.jpg
Bamboo Sheet Set/Stripe/Malt Caramel Stripe/No Talent,BambooBedSheet-Stripe-CaramelStripe-Side-NoTalent-Real-17.jpg,BambooSheetSet-Stripe-MaltCaramelStripe-Side-NoTalent-Real-17.jpg
Bamboo Sheet Set/Stripe/Malt Caramel Stripe/No Talent,BambooBedSheet-Stripe-CaramelStripe-Side-NoTalent-Real-18.jpg,BambooSheetSet-Stripe-MaltCaramelStripe-Side-NoTalent-Real-18.jpg
Bamboo Sheet Set/Stripe/Malt Caramel Stripe/No Talent,BambooBedSheet-Stripe-CaramelStripe-Side-NoTalent-Real-19.jpg,BambooSheetSet-Stripe-MaltCaramelStripe-Side-NoTalent-Real-19.jpg
Bamboo Sheet Set/Stripe/Malt Caramel Stripe/No Talent,BambooBedSheet-Stripe-CaramelStripe-Side-NoTalent-Real-20.jpg,BambooSheetSet-Stripe-MaltCaramelStripe-Side-NoTalent-Real-20.jpg
Bamboo Sheet Set/Stripe/Malt Caramel Stripe/No Talent,BambooBedSheet-Stripe-CaramelStripe-Side-NoTalent-Real-21.jpg,BambooSheetSet-Stripe-MaltCaramelStripe-Side-NoTalent-Real-21.jpg
Bamboo Sheet Set/Stripe/Malt Caramel Stripe/No Talent,BambooBedSheet-Stripe-CaramelStripe-Side-NoTalent-Real-22.jpg,BambooSheetSet-Stripe-MaltCaramelStripe-Side-NoTalent-Real-22.jpg
Bamboo Sheet Set/Stripe/Malt Caramel Stripe/No Talent,BambooBedSheet-Stripe-CaramelStripe-Side-NoTalent-Real-23.jpg,BambooSheetSet-Stripe-MaltCaramelStripe-Side-NoTalent-Real-23.jpg
Bamboo Sheet Set/Stripe/Malt Caramel Stripe/No Talent,BambooBedSheet-Stripe-CaramelStripe-Side-NoTalent-Real-24.jpg,BambooSheetSet-Stripe-MaltCaramelStripe-Side-NoTalent-Real-24.jpg
Bamboo Sheet Set/Stripe/Malt Caramel Stripe/No Talent,BambooSheetSet-Stripe-MaltStripe-CloseUp-NoTalent-Real-01.jpg,BambooSheetSet-Stripe-MaltMaltCaramelStripe-CloseUp-NoTalent-Real-01.jpg
Bamboo Sheet Set/Stripe/Malt Caramel Stripe/No Talent,BambooSheetSet-Stripe-MaltStripe-Low45-NoTalent-Real-01.jpg,BambooSheetSet-Stripe-MaltMaltCaramelStripe-Low45-NoTalent-Real-01.jpg
Bamboo Sheet Set/Stripe/Malt Caramel Stripe/No Talent,BambooSheetSet-Stripe-MaltStripe-Low45-NoTalent-Real-02.jpg,BambooSheetSet-Stripe-MaltMaltCaramelStripe-Low45-NoTalent-Real-02.jpg
Bamboo Sheet Set/Stripe/Malt Caramel Stripe/No Talent,BambooSheetSet-Stripe-MaltStripe-Low45-NoTalent-Real-03.jpg,BambooSheetSet-Stripe-MaltMaltCaramelStripe-Low45-NoTalent-Real-03.jpg
Bamboo Sheet Set/Stripe/Malt Caramel Stripe/No Talent,BambooSheetSet-Stripe-MaltStripe-Low45-NoTalent-Real-04.jpg,BambooSheetSet-Stripe-MaltMaltCaramelStripe-Low45-NoTalent-Real-04.jpg
Bamboo Sheet Set/Stripe/Malt Caramel Stripe/No Talent,BambooSheetSet-Stripe-MaltStripe-Low45-NoTalent-Real-05.jpg,BambooSheetSet-Stripe-MaltMaltCaramelStripe-Low45-NoTalent-Real-05.jpg
Bamboo Sheet Set/Stripe/Malt Caramel Stripe/No Talent,BambooSheetSet-Stripe-MaltStripe-Low45-NoTalent-Real-06.jpg,BambooSheetSet-Stripe-MaltMaltCaramelStripe-Low45-NoTalent-Real-06.jpg
Bamboo Sheet Set/Stripe/Malt Caramel Stripe/No Talent,BambooSheetSet-Stripe-MaltStripe-Low45-NoTalent-Real-07.jpg,BambooSheetSet-Stripe-MaltMaltCaramelStripe-Low45-NoTalent-Real-07.jpg
Bamboo Sheet Set/Stripe/Malt Caramel Stripe/No Talent,BambooSheetSet-Stripe-MaltStripe-Overhead-NoTalent-Real-01.jpg,BambooSheetSet-Stripe-MaltMaltCaramelStripe-Overhead-NoTalent-Real-01.jpg
Bamboo Sheet Set/Stripe/Malt Caramel Stripe/No Talent,BambooSheetSet-Stripe-MaltStripe-Overhead-NoTalent-Real-02.jpg,BambooSheetSet-Stripe-MaltMaltCaramelStripe-Overhead-NoTalent-Real-02.jpg
Bamboo Sheet Set/Stripe/Malt Caramel Stripe/No Talent,BambooSheetSet-Stripe-MaltStripe-Overhead-NoTalent-Real-03.jpg,BambooSheetSet-Stripe-MaltMaltCaramelStripe-Overhead-NoTalent-Real-03.jpg
Bamboo Sheet Set/Stripe/Malt Caramel Stripe/No Talent,BambooSheetSet-Stripe-MaltStripe-Side-NoTalent-Real-01.jpg,BambooSheetSet-Stripe-MaltMaltCaramelStripe-Side-NoTalent-Real-01.jpg
Bamboo Sheet Set/Stripe/Malt Caramel Stripe/No Talent,BambooSheetSet-Stripe-MaltStripe-Side-NoTalent-Real-02.jpg,BambooSheetSet-Stripe-MaltMaltCaramelStripe-Side-NoTalent-Real-02.jpg
Bamboo Sheet Set/Stripe/Malt Caramel Stripe/No Talent,BambooSheetSet-Stripe-MaltStripe-Side-NoTalent-Real-03.jpg,BambooSheetSet-Stripe-MaltMaltCaramelStripe-Side-NoTalent-Real-03.jpg
Bamboo Sheet Set/Stripe/Malt Caramel Stripe/No Talent,BambooSheetSet-Stripe-MaltStripe-Side-NoTalent-Real-04.jpg,BambooSheetSet-Stripe-MaltMaltCaramelStripe-Side-NoTalent-Real-04.jpg
Bamboo Sheet Set/Stripe/Malt Caramel Stripe/No Talent,BambooSheetSet-Stripe-MaltStripe-Side-NoTalent-Real-05.jpg,BambooSheetSet-Stripe-MaltMaltCaramelStripe-Side-NoTalent-Real-05.jpg
Bamboo Sheet Set/Stripe/Malt Caramel Stripe/No Talent,BambooSheetSet-Stripe-MaltStripe-Side-NoTalent-Real-06.jpg,BambooSheetSet-Stripe-MaltMaltCaramelStripe-Side-NoTalent-Real-06.jpg
Bamboo Sheet Set/Stripe/Malt Caramel Stripe/No Talent,BambooSheetSet-Stripe-MaltStripe-Side-NoTalent-Real-07.jpg,BambooSheetSet-Stripe-MaltMaltCaramelStripe-Side-NoTalent-Real-07.jpg
Bamboo Sheet Set/Stripe/Malt Caramel Stripe/No Talent,BambooSheetSet-Stripe-MaltStripe-Side-NoTalent-Real-08.jpg,BambooSheetSet-Stripe-MaltMaltCaramelStripe-Side-NoTalent-Real-08.jpg
Bamboo Sheet Set/Stripe/Malt Caramel Stripe/No Talent,BambooSheetSet-Stripe-MaltStripe-Side-NoTalent-Real-09.jpg,BambooSheetSet-Stripe-MaltMaltCaramelStripe-Side-NoTalent-Real-09.jpg
Bamboo Sheet Set/Stripe/Malt Caramel Stripe/No Talent,BambooSheetSet-Stripe-MaltStripe-Side-NoTalent-Real-10.jpg,BambooSheetSet-Stripe-MaltMaltCaramelStripe-Side-NoTalent-Real-10.jpg
Bamboo Sheet Set/Stripe/Sage Coconut Stripe,BambooSheetSet-Stripe-CoconutStripe-CloseUp-NoTalent-Real-01.jpg,BambooSheetSet-Stripe-SageCoconutStripe-CloseUp-NoTalent-Real-01.jpg
Bamboo Sheet Set/Stripe/Sage Coconut Stripe,BambooSheetSet-Stripe-CoconutStripe-CloseUp-NoTalent-Real-02.jpg,BambooSheetSet-Stripe-SageCoconutStripe-CloseUp-NoTalent-Real-02.jpg
Bamboo Sheet Set/Stripe/Sage Coconut Stripe,BambooSheetSet-Stripe-CoconutStripe-Low45-NoTalent-Real-01.jpg,BambooSheetSet-Stripe-SageCoconutStripe-Low45-NoTalent-Real-01.jpg
Bamboo Sheet Set/Stripe/Sage Coconut Stripe,BambooSheetSet-Stripe-CoconutStripe-Low45-NoTalent-Real-02.jpg,BambooSheetSet-Stripe-SageCoconutStripe-Low45-NoTalent-Real-02.jpg
Bamboo Sheet Set/Stripe/Sage Coconut Stripe,BambooSheetSet-Stripe-CoconutStripe-Low45-NoTalent-Real-03.jpg,BambooSheetSet-Stripe-SageCoconutStripe-Low45-NoTalent-Real-03.jpg
Bamboo Sheet Set/Stripe/Sage Coconut Stripe,BambooSheetSet-Stripe-CoconutStripe-Low45-NoTalent-Real-04.jpg,BambooSheetSet-Stripe-SageCoconutStripe-Low45-NoTalent-Real-04.jpg
Bamboo Sheet Set/Stripe/Sage Coconut Stripe,BambooSheetSet-Stripe-CoconutStripe-Low45-NoTalent-Real-05.jpg,BambooSheetSet-Stripe-SageCoconutStripe-Low45-NoTalent-Real-05.jpg
Bamboo Sheet Set/Stripe/Sage Coconut Stripe,BambooSheetSet-Stripe-CoconutStripe-Low45-NoTalent-Real-06.jpg,BambooSheetSet-Stripe-SageCoconutStripe-Low45-NoTalent-Real-06.jpg
Bamboo Sheet Set/Stripe/Sage Coconut Stripe,BambooSheetSet-Stripe-CoconutStripe-Low45-NoTalent-Real-07.jpg,BambooSheetSet-Stripe-SageCoconutStripe-Low45-NoTalent-Real-07.jpg
Bamboo Sheet Set/Stripe/Sage Coconut Stripe,BambooSheetSet-Stripe-CoconutStripe-Low45-NoTalent-Real-08.jpg,BambooSheetSet-Stripe-SageCoconutStripe-Low45-NoTalent-Real-08.jpg
Bamboo Sheet Set/Stripe/Sage Coconut Stripe,BambooSheetSet-Stripe-CoconutStripe-Low45-NoTalent-Real-09.jpg,BambooSheetSet-Stripe-SageCoconutStripe-Low45-NoTalent-Real-09.jpg
Bamboo Sheet Set/Stripe/Sage Coconut Stripe,BambooSheetSet-Stripe-CoconutStripe-Side-NoTalent-Real-01.jpg,BambooSheetSet-Stripe-SageCoconutStripe-Side-NoTalent-Real-01.jpg
Bamboo Sheet Set/Stripe/Sage Coconut Stripe,BambooSheetSet-Stripe-CoconutStripe-Side-NoTalent-Real-02.jpg,BambooSheetSet-Stripe-SageCoconutStripe-Side-NoTalent-Real-02.jpg
Bamboo Sheet Set/Stripe/Sage Coconut Stripe,BambooSheetSet-Stripe-CoconutStripe-Side-NoTalent-Real-03.jpg,BambooSheetSet-Stripe-SageCoconutStripe-Side-NoTalent-Real-03.jpg
Bamboo Sheet Set/Stripe/Sage Coconut Stripe,BambooSheetSet-Stripe-CoconutStripe-Side-NoTalent-Real-04.jpg,BambooSheetSet-Stripe-SageCoconutStripe-Side-NoTalent-Real-04.jpg
Bamboo Sheet Set/Stripe/Sage Coconut Stripe,BambooSheetSet-Stripe-CoconutStripe-Side-NoTalent-Real-05.jpg,BambooSheetSet-Stripe-SageCoconutStripe-Side-NoTalent-Real-05.jpg
Bamboo Sheet Set/Stripe/Sage Coconut Stripe,BambooSheetSet-Stripe-CoconutStripe-Side-NoTalent-Real-06.jpg,BambooSheetSet-Stripe-SageCoconutStripe-Side-NoTalent-Real-06.jpg
Bamboo Sheet Set/Stripe/Sage Coconut Stripe,BambooSheetSet-Stripe-CoconutStripe-Side-NoTalent-Real-07.jpg,BambooSheetSet-Stripe-SageCoconutStripe-Side-NoTalent-Real-07.jpg
Bamboo Sheet Set/Stripe/Sage Coconut Stripe,BambooSheetSet-Stripe-CoconutStripe-Side-NoTalent-Real-08.jpg,BambooSheetSet-Stripe-SageCoconutStripe-Side-NoTalent-Real-08.jpg
Bamboo Sheet Set/Stripe/Sage Coconut Stripe,BambooSheetSet-Stripe-CoconutStripe-Side-NoTalent-Real-09.jpg,BambooSheetSet-Stripe-SageCoconutStripe-Side-NoTalent-Real-09.jpg
Bamboo Sheet Set/Stripe/Sage Coconut Stripe,BambooSheetSet-Stripe-CoconutStripe-Side-NoTalent-Real-10.jpg,BambooSheetSet-Stripe-SageCoconutStripe-Side-NoTalent-Real-10.jpg
Bamboo Sheet Set/Stripe/Sage Coconut Stripe,BambooSheetSet-Stripe-CoconutStripe-Side-NoTalent-Real-11.jpg,BambooSheetSet-Stripe-SageCoconutStripe-Side-NoTalent-Real-11.jpg
Bamboo Sheet Set/Stripe/Sage Coconut Stripe,BambooSheetSet-Stripe-CoconutStripe-Side-NoTalent-Real-12.jpg,BambooSheetSet-Stripe-SageCoconutStripe-Side-NoTalent-Real-12.jpg
Bamboo Sheet Set/Stripe/Sage Coconut Stripe,BambooSheetSet-Stripe-CoconutStripe-Side-NoTalent-Real-13.jpg,BambooSheetSet-Stripe-SageCoconutStripe-Side-NoTalent-Real-13.jpg
Bamboo Sheet Set/Stripe/Sage Coconut Stripe,BambooSheetSet-Stripe-CoconutStripe-Side-NoTalent-Real-14.jpg,BambooSheetSet-Stripe-SageCoconutStripe-Side-NoTalent-Real-14.jpg
Bamboo Sheet Set/Stripe/Sage Coconut Stripe,BambooSheetSet-Stripe-CoconutStripe-Side-NoTalent-Real-15.jpg,BambooSheetSet-Stripe-SageCoconutStripe-Side-NoTalent-Real-15.jpg
Bamboo Sheet Set/Stripe/Sage Coconut Stripe,BambooSheetSet-Stripe-CoconutStripe-Side-NoTalent-Real-16.jpg,BambooSheetSet-Stripe-SageCoconutStripe-Side-NoTalent-Real-16.jpg
Bamboo Sheet Set/Stripe/Sage Coconut Stripe,BambooSheetSet-Stripe-CoconutStripe-Side-NoTalent-Real-17.jpg,BambooSheetSet-Stripe-SageCoconutStripe-Side-NoTalent-Real-17.jpg
Bamboo Sheet Set/Stripe/Sage Coconut Stripe,BambooSheetSet-Stripe-CoconutStripe-Side-NoTalent-Real-18.jpg,BambooSheetSet-Stripe-SageCoconutStripe-Side-NoTalent-Real-18.jpg
Bamboo Sheet Set/Stripe/Sage Coconut Stripe,BambooSheetSet-Stripe-CoconutStripe-Side-NoTalent-Real-19.jpg,BambooSheetSet-Stripe-SageCoconutStripe-Side-NoTalent-Real-19.jpg
Bamboo Sheet Set/Stripe/Sage Coconut Stripe,BambooSheetSet-Stripe-CoconutStripe-Side-NoTalent-Real-20.jpg,BambooSheetSet-Stripe-SageCoconutStripe-Side-NoTalent-Real-20.jpg
Bamboo Sheet Set/Stripe/Sage Coconut Stripe,BambooSheetSet-Stripe-CoconutStripe-Side-NoTalent-Real-21.jpg,BambooSheetSet-Stripe-SageCoconutStripe-Side-NoTalent-Real-21.jpg
Bamboo Sheet Set/Stripe/Sage Coconut Stripe,BambooSheetSet-Stripe-CoconutStripe-Side-NoTalent-Real-22.jpg,BambooSheetSet-Stripe-SageCoconutStripe-Side-NoTalent-Real-22.jpg
Bamboo Sheet Set/Stripe/Sage Coconut Stripe,BambooSheetSet-Stripe-CoconutStripe-Side-NoTalent-Real-23.jpg,BambooSheetSet-Stripe-SageCoconutStripe-Side-NoTalent-Real-23.jpg
Bamboo Sheet Set/Stripe/Sage Coconut Stripe,BambooSheetSet-Stripe-CoconutStripe-Side-NoTalent-Real-24.jpg,BambooSheetSet-Stripe-SageCoconutStripe-Side-NoTalent-Real-24.jpg
Bamboo Sheet Set/Stripe/Sage Coconut Stripe,BambooSheetSet-Stripe-CoconutStripe-Side-NoTalent-Real-25.jpg,BambooSheetSet-Stripe-SageCoconutStripe-Side-NoTalent-Real-25.jpg
Bamboo Sheet Set/Stripe/Sage Coconut Stripe,BambooSheetSet-Stripe-SageStripe-High45-NoTalent-Real-01.jpg,BambooSheetSet-Stripe-SageSageCoconutStripe-High45-NoTalent-Real-01.jpg
Bamboo Sheet Set/Stripe/Sage Coconut Stripe,BambooSheetSet-Stripe-SageStripe-High45-NoTalent-Real-02.jpg,BambooSheetSet-Stripe-SageSageCoconutStripe-High45-NoTalent-Real-02.jpg
Bamboo Sheet Set/Stripe/Sage Coconut Stripe,BambooSheetSet-Stripe-SageStripe-Overhead-NoTalent-Real-01.jpg,BambooSheetSet-Stripe-SageSageCoconutStripe-Overhead-NoTalent-Real-01.jpg
Bamboo Sheet Set/Stripe/Sage Coconut Stripe,BambooSheetSet-Stripe-SageStripe-Overhead-NoTalent-Real-02.jpg,BambooSheetSet-Stripe-SageSageCoconutStripe-Overhead-NoTalent-Real-02.jpg
Bamboo Sheet Set/Stripe/Sage Coconut Stripe,BambooSheetSet-Stripe-SageStripe-Overhead-NoTalent-Real-03.jpg,BambooSheetSet-Stripe-SageSageCoconutStripe-Overhead-NoTalent-Real-03.jpg
Bamboo Sheet Set/Stripe/Sage Coconut Stripe,BambooSheetSet-Stripe-SageStripe-Overhead-NoTalent-Real-04.jpg,BambooSheetSet-Stripe-SageSageCoconutStripe-Overhead-NoTalent-Real-04.jpg
Bamboo Sheet Set/Stripe/Sage Coconut Stripe,BambooSheetSet-Stripe-SageStripe-Side-NoTalent-Real-01.jpg,BambooSheetSet-Stripe-SageSageCoconutStripe-Side-NoTalent-Real-01.jpg
Bamboo Sheet Set/Stripe/Sage Coconut Stripe,BambooSheetSet-Stripe-SageStripe-Side-NoTalent-Real-02.jpg,BambooSheetSet-Stripe-SageSageCoconutStripe-Side-NoTalent-Real-02.jpg
Bamboo Sheet Set/Stripe/Sage Coconut Stripe,BambooSheetSet-Stripe-SageStripe-Side-NoTalent-Real-03.jpg,BambooSheetSet-Stripe-SageSageCoconutStripe-Side-NoTalent-Real-03.jpg
Bamboo Sheet Set/Stripe/Sage Coconut Stripe,BambooSheetSet-Stripe-SageStripe-Side-NoTalent-Real-04.jpg,BambooSheetSet-Stripe-SageSageCoconutStripe-Side-NoTalent-Real-04.jpg
Bamboo Sheet Set/Stripe/Sage Coconut Stripe,BambooSheetSet-Stripe-SageStripe-Side-NoTalent-Real-05.jpg,BambooSheetSet-Stripe-SageSageCoconutStripe-Side-NoTalent-Real-05.jpg
Bamboo Sheet Set/Stripe/Sage Coconut Stripe,BambooSheetSet-Stripe-SageStripe-Side-NoTalent-Real-06.jpg,BambooSheetSet-Stripe-SageSageCoconutStripe-Side-NoTalent-Real-06.jpg
Bamboo Sheet Set/Stripe/Sage Coconut Stripe,BambooSheetSet-Stripe-SageStripe-Side-NoTalent-Real-07.jpg,BambooSheetSet-Stripe-SageSageCoconutStripe-Side-NoTalent-Real-07.jpg
Bamboo Sheet Set/Stripe/Sage Coconut Stripe,BambooSheetSet-Stripe-SageStripe-Side-NoTalent-Real-08.jpg,BambooSheetSet-Stripe-SageSageCoconutStripe-Side-NoTalent-Real-08.jpg
Bamboo Sheet Set/Stripe/Sage Coconut Stripe,BambooSheetSet-Stripe-SageStripe-Side-NoTalent-Real-09.jpg,BambooSheetSet-Stripe-SageSageCoconutStripe-Side-NoTalent-Real-09.jpg
Bamboo Sheet Set/Stripe/Sage Coconut Stripe,BambooSheetSet-Stripe-SageStripe-Side-NoTalent-Real-10.jpg,BambooSheetSet-Stripe-SageSageCoconutStripe-Side-NoTalent-Real-10.jpg
Bamboo Sheet Set/Stripe/Sage Coconut Stripe,BambooSheetSet-Stripe-SageStripe-Side-NoTalent-Real-11.jpg,BambooSheetSet-Stripe-SageSageCoconutStripe-Side-NoTalent-Real-11.jpg
Bamboo Sheet Set/Stripe/Sage Coconut Stripe,BambooSheetSet-Stripe-SageStripe-Side-NoTalent-Real-12.jpg,BambooSheetSet-Stripe-SageSageCoconutStripe-Side-NoTalent-Real-12.jpg
Bamboo Sheet Set/Stripe/Sage Coconut Stripe,BambooSheetSet-Stripe-SageStripe-Side-NoTalent-Real-13.jpg,BambooSheetSet-Stripe-SageSageCoconutStripe-Side-NoTalent-Real-13.jpg
Bamboo Sheet Set/Stripe/Sage Coconut Stripe,BambooSheetSet-Stripe-SageStripe-Side-NoTalent-Real-14 (1).jpg,BambooSheetSet-Stripe-SageSageCoconutStripe-Side-NoTalent-Real-14 (1).jpg
Bamboo Sheet Set/Stripe/Sage Coconut Stripe,BambooSheetSet-Stripe-SageStripe-Side-NoTalent-Real-14.jpg,BambooSheetSet-Stripe-SageSageCoconutStripe-Side-NoTalent-Real-14.jpg
Bamboo Sheet Set/Stripe/Sage Coconut Stripe,BambooSheetSet-Stripe-SageStripe-Side-NoTalent-Real-15.jpg,BambooSheetSet-Stripe-SageSageCoconutStripe-Side-NoTalent-Real-15.jpg
Bamboo Sheet Set/Stripe/Sage Coconut Stripe,BambooSheetSet-Stripe-SageStripe-Side-NoTalent-Real-16.jpg,BambooSheetSet-Stripe-SageSageCoconutStripe-Side-NoTalent-Real-16.jpg
Bamboo Sheet Set/Stripe/Sage Coconut Stripe,BambooSheetSet-Stripe-SageStripe-Side-NoTalent-Real-17 (1).jpg,BambooSheetSet-Stripe-SageSageCoconutStripe-Side-NoTalent-Real-17 (1).jpg
Bamboo Sheet Set/Stripe/Sage Coconut Stripe,BambooSheetSet-Stripe-SageStripe-Side-NoTalent-Real-17.jpg,BambooSheetSet-Stripe-SageSageCoconutStripe-Side-NoTalent-Real-17.jpg
Bamboo Sheet Set/Stripe/Sage Coconut Stripe,BambooSheetSet-Stripe-SageStripe-Side-NoTalent-Real-18 (1).jpg,BambooSheetSet-Stripe-SageSageCoconutStripe-Side-NoTalent-Real-18 (1).jpg
Bamboo Sheet Set/Stripe/Sage Coconut Stripe,BambooSheetSet-Stripe-SageStripe-Side-NoTalent-Real-18.jpg,BambooSheetSet-Stripe-SageSageCoconutStripe-Side-NoTalent-Real-18.jpg
Bamboo Sheet Set/Stripe/Sage Coconut Stripe,BambooSheetSet-Stripe-SageStripe-Side-NoTalent-Real-19.jpg,BambooSheetSet-Stripe-SageSageCoconutStripe-Side-NoTalent-Real-19.jpg
Bamboo Sheet Set/Stripe/Sage Coconut Stripe,BambooSheetSet-Stripe-SageStripe-Side-NoTalent-Real-20.jpg,BambooSheetSet-Stripe-SageSageCoconutStripe-Side-NoTalent-Real-20.jpg
Bamboo Sheet Set/Stripe/Sage Coconut Stripe,BambooSheetSet-Stripe-SageStripe-Side-NoTalent-Real-21.jpg,BambooSheetSet-Stripe-SageSageCoconutStripe-Side-NoTalent-Real-21.jpg
Bamboo Sheet Set/Stripe/Sage Coconut Stripe,BambooSheetSet-Stripe-SageStripe-Side-NoTalent-Real-22.jpg,BambooSheetSet-Stripe-SageSageCoconutStripe-Side-NoTalent-Real-22.jpg
Bamboo Sheet Set/Stripe/Sage Coconut Stripe,BambooSheetSet-Stripe-SageStripe-Side-NoTalent-Real-23 (1).jpg,BambooSheetSet-Stripe-SageSageCoconutStripe-Side-NoTalent-Real-23 (1).jpg
Bamboo Sheet Set/Stripe/Sage Coconut Stripe,BambooSheetSet-Stripe-SageStripe-Side-NoTalent-Real-23.jpg,BambooSheetSet-Stripe-SageSageCoconutStripe-Side-NoTalent-Real-23.jpg
Bamboo Sheet Set/Stripe/Sage Coconut Stripe,BambooSheetSet-Stripe-SageStripe-Side-NoTalent-Real-24.jpg,BambooSheetSet-Stripe-SageSageCoconutStripe-Side-NoTalent-Real-24.jpg
Bamboo Sheet Set/Stripe/Sage Coconut Stripe,BambooSheetSet-Stripe-SageStripe-Side-NoTalent-Real-25.jpg,BambooSheetSet-Stripe-SageSageCoconutStripe-Side-NoTalent-Real-25.jpg
Bamboo Sheet Set/Stripe/Sage Coconut Stripe,BambooSheetSet-Stripe-SageStripe-Side-NoTalent-Real-26 (1).jpg,BambooSheetSet-Stripe-SageSageCoconutStripe-Side-NoTalent-Real-26 (1).jpg
Bamboo Sheet Set/Stripe/Sage Coconut Stripe,BambooSheetSet-Stripe-SageStripe-Side-NoTalent-Real-26.jpg,BambooSheetSet-Stripe-SageSageCoconutStripe-Side-NoTalent-Real-26.jpg
Bamboo Sheet Set/Stripe/Sage Coconut Stripe,BambooSheetSet-Stripe-SageStripe-Side-NoTalent-Real-27 (1).jpg,BambooSheetSet-Stripe-SageSageCoconutStripe-Side-NoTalent-Real-27 (1).jpg
Bamboo Sheet Set/Stripe/Sage Coconut Stripe,BambooSheetSet-Stripe-SageStripe-Side-NoTalent-Real-27.jpg,BambooSheetSet-Stripe-SageSageCoconutStripe-Side-NoTalent-Real-27.jpg
Bamboo Sheet Set/Stripe/Sage Coconut Stripe,BambooSheetSet-Stripe-SageStripe-Side-NoTalent-Real-28.jpg,BambooSheetSet-Stripe-SageSageCoconutStripe-Side-NoTalent-Real-28.jpg
Bamboo Sheet Set/Stripe/Sage Coconut Stripe,BambooSheetSet-Stripe-SageStripe-Side-NoTalent-Real-29.jpg,BambooSheetSet-Stripe-SageSageCoconutStripe-Side-NoTalent-Real-29.jpg
Bamboo Sheet Set/Stripe/Sage Coconut Stripe,BambooSheetSet-Stripe-SageStripe-Side-NoTalent-Real-30.jpg,BambooSheetSet-Stripe-SageSageCoconutStripe-Side-NoTalent-Real-30.jpg
Bamboo Sheet Set/Stripe/Sage Coconut Stripe,BambooSheetSet-Stripe-SageStripe-Side-NoTalent-Real-31.jpg,BambooSheetSet-Stripe-SageSageCoconutStripe-Side-NoTalent-Real-31.jpg
Bamboo Sheet Set/Stripe/Sage Coconut Stripe,BambooSheetSet-Stripe-SageStripe-Side-NoTalent-Real-32.jpg,BambooSheetSet-Stripe-SageSageCoconutStripe-Side-NoTalent-Real-32.jpg
Bamboo Sheet Set/Stripe/Sage Coconut Stripe,BambooSheetSet-Stripe-SageStripe-Side-NoTalent-Real-33.jpg,BambooSheetSet-Stripe-SageSageCoconutStripe-Side-NoTalent-Real-33.jpg
Bamboo Sheet Set/Stripe/Sage Coconut Stripe,BambooSheetSet-Stripe-SageStripe-Side-NoTalent-Real-34.jpg,BambooSheetSet-Stripe-SageSageCoconutStripe-Side-NoTalent-Real-34.jpg
Bamboo Sheet Set/Stripe/Sage Coconut Stripe,BambooSheetSet-Stripe-SageStripe-Side-NoTalent-Real-35.jpg,BambooSheetSet-Stripe-SageSageCoconutStripe-Side-NoTalent-Real-35.jpg
Bamboo Sheet Set/Stripe/Sage Coconut Stripe,BambooSheetSet-Stripe-SageStripe-Side-NoTalent-Real-36.jpg,BambooSheetSet-Stripe-SageSageCoconutStripe-Side-NoTalent-Real-36.jpg
Bamboo Sheet Set/Stripe/Sage Coconut Stripe,BambooSheetSet-Stripe-SageStripe-Side-NoTalent-Real-37.jpg,BambooSheetSet-Stripe-SageSageCoconutStripe-Side-NoTalent-Real-37.jpg
Bamboo Sheet Set/Stripe/Sage Coconut Stripe,BambooSheetSet-Stripe-SageStripe-Side-NoTalent-Real-38.jpg,BambooSheetSet-Stripe-SageSageCoconutStripe-Side-NoTalent-Real-38.jpg
Bamboo Sheet Set/Stripe/Sage Coconut Stripe,BambooSheetSet-Stripe-SageStripe-Side-NoTalent-Real-39.jpg,BambooSheetSet-Stripe-SageSageCoconutStripe-Side-NoTalent-Real-39.jpg
Bamboo Sheet Set/Stripe/Sage Coconut Stripe,BambooSheetSet-Stripe-SageStripe-Side-NoTalent-Real-40 (1).jpg,BambooSheetSet-Stripe-SageSageCoconutStripe-Side-NoTalent-Real-40 (1).jpg
Bamboo Sheet Set/Stripe/Sage Coconut Stripe,BambooSheetSet-Stripe-SageStripe-Side-NoTalent-Real-40.jpg,BambooSheetSet-Stripe-SageSageCoconutStripe-Side-NoTalent-Real-40.jpg
Bamboo Sheet Set/Stripe/Sage Coconut Stripe,BambooSheetSet-Stripe-SageStripe-Side-NoTalent-Real-41.jpg,BambooSheetSet-Stripe-SageSageCoconutStripe-Side-NoTalent-Real-41.jpg
Bamboo Sheet Set/Stripe/Sage Coconut Stripe,BambooSheetSet-Stripe-SageStripe-Side-NoTalent-Real-42.jpg,BambooSheetSet-Stripe-SageSageCoconutStripe-Side-NoTalent-Real-42.jpg
Bamboo Sheet Set/Stripe/Sage Coconut Stripe,BambooSheetSet-Stripe-SageStripe-Side-NoTalent-Real-43.jpg,BambooSheetSet-Stripe-SageSageCoconutStripe-Side-NoTalent-Real-43.jpg
Bamboo Sheet Set/Stripe/Sage Coconut Stripe,BambooSheetSet-Stripe-SageStripe-Side-NoTalent-Real-44.jpg,BambooSheetSet-Stripe-SageSageCoconutStripe-Side-NoTalent-Real-44.jpg
Bamboo Sheet Set/Stripe/Sage Coconut Stripe,BambooSheetSet-Stripe-SageStripe-Side-NoTalent-Real-45.jpg,BambooSheetSet-Stripe-SageSageCoconutStripe-Side-NoTalent-Real-45.jpg
Bamboo Sheet Set/Stripe/Sage Coconut Stripe,BambooSheetSet-Stripe-SageStripe-Side-NoTalent-Real-46.jpg,BambooSheetSet-Stripe-SageSageCoconutStripe-Side-NoTalent-Real-46.jpg
Bamboo Sheet Set/Stripe/Sage Coconut Stripe,BambooSheetSet-Stripe-SageStripe-Side-NoTalent-Real-47.jpg,BambooSheetSet-Stripe-SageSageCoconutStripe-Side-NoTalent-Real-47.jpg
Bamboo Sheet Set/Stripe/Sage Coconut Stripe,BambooSheetSet-Stripe-SageStripe-Side-NoTalent-Real-48.jpg,BambooSheetSet-Stripe-SageSageCoconutStripe-Side-NoTalent-Real-48.jpg
Bamboo Sheet Set/Stripe/Sage Coconut Stripe,BambooSheetSet-Stripe-SageStripe-Side-NoTalent-Real-49.jpg,BambooSheetSet-Stripe-SageSageCoconutStripe-Side-NoTalent-Real-49.jpg
Bamboo Sheet Set/Stripe/Sage Coconut Stripe,BambooSheetSet-Stripe-SageStripe-Side-NoTalent-Real-50.jpg,BambooSheetSet-Stripe-SageSageCoconutStripe-Side-NoTalent-Real-50.jpg
Bamboo Sheet Set/Stripe/Strawberry Merlot Stripe/No Talent,BambooSheetSet-Stripe-MerlotStripe-Low45-NoTalent-Real-01.jpg,BambooSheetSet-Stripe-StrawberryMerlotStripe-Low45-NoTalent-Real-01.jpg
Bamboo Sheet Set/Stripe/Strawberry Merlot Stripe/No Talent,BambooSheetSet-Stripe-MerlotStripe-Low45-NoTalent-Real-02.jpg,BambooSheetSet-Stripe-StrawberryMerlotStripe-Low45-NoTalent-Real-02.jpg
Bamboo Sheet Set/Stripe/Strawberry Merlot Stripe/No Talent,BambooSheetSet-Stripe-MerlotStripe-Low45-NoTalent-Real-03.jpg,BambooSheetSet-Stripe-StrawberryMerlotStripe-Low45-NoTalent-Real-03.jpg
Bamboo Sheet Set/Stripe/Strawberry Merlot Stripe/No Talent,BambooSheetSet-Stripe-MerlotStripe-Low45-NoTalent-Real-04.jpg,BambooSheetSet-Stripe-StrawberryMerlotStripe-Low45-NoTalent-Real-04.jpg
Bamboo Sheet Set/Stripe/Strawberry Merlot Stripe/No Talent,BambooSheetSet-Stripe-MerlotStripe-Low45-NoTalent-Real-05.jpg,BambooSheetSet-Stripe-StrawberryMerlotStripe-Low45-NoTalent-Real-05.jpg
Bamboo Sheet Set/Stripe/Strawberry Merlot Stripe/No Talent,BambooSheetSet-Stripe-MerlotStripe-Low45-NoTalent-Real-06.jpg,BambooSheetSet-Stripe-StrawberryMerlotStripe-Low45-NoTalent-Real-06.jpg
Bamboo Sheet Set/Stripe/Strawberry Merlot Stripe/No Talent,BambooSheetSet-Stripe-MerlotStripe-Overhead-NoTalent-Real-01.jpg,BambooSheetSet-Stripe-StrawberryMerlotStripe-Overhead-NoTalent-Real-01.jpg
Bamboo Sheet Set/Stripe/Strawberry Merlot Stripe/No Talent,BambooSheetSet-Stripe-MerlotStripe-Overhead-NoTalent-Real-02.jpg,BambooSheetSet-Stripe-StrawberryMerlotStripe-Overhead-NoTalent-Real-02.jpg
Bamboo Sheet Set/Stripe/Strawberry Merlot Stripe/No Talent,BambooSheetSet-Stripe-MerlotStripe-Overhead-NoTalent-Real-03.jpg,BambooSheetSet-Stripe-StrawberryMerlotStripe-Overhead-NoTalent-Real-03.jpg
Bamboo Sheet Set/Stripe/Strawberry Merlot Stripe/No Talent,BambooSheetSet-Stripe-MerlotStripe-Overhead-NoTalent-Real-04.jpg,BambooSheetSet-Stripe-StrawberryMerlotStripe-Overhead-NoTalent-Real-04.jpg
Bamboo Sheet Set/Stripe/Strawberry Merlot Stripe/No Talent,BambooSheetSet-Stripe-MerlotStripe-Overhead-NoTalent-Real-05.jpg,BambooSheetSet-Stripe-StrawberryMerlotStripe-Overhead-NoTalent-Real-05.jpg
Bamboo Sheet Set/Stripe/Strawberry Merlot Stripe/No Talent,BambooSheetSet-Stripe-MerlotStripe-Side-NoTalent-Real-01.jpg,BambooSheetSet-Stripe-StrawberryMerlotStripe-Side-NoTalent-Real-01.jpg
Bamboo Sheet Set/Stripe/Strawberry Merlot Stripe/No Talent,BambooSheetSet-Stripe-MerlotStripe-Side-NoTalent-Real-02.jpg,BambooSheetSet-Stripe-StrawberryMerlotStripe-Side-NoTalent-Real-02.jpg
Bamboo Sheet Set/Stripe/Strawberry Merlot Stripe/No Talent,BambooSheetSet-Stripe-MerlotStripe-Side-NoTalent-Real-03.jpg,BambooSheetSet-Stripe-StrawberryMerlotStripe-Side-NoTalent-Real-03.jpg
Bamboo Sheet Set/Stripe/Strawberry Merlot Stripe/No Talent,BambooSheetSet-Stripe-MerlotStripe-Side-NoTalent-Real-04.jpg,BambooSheetSet-Stripe-StrawberryMerlotStripe-Side-NoTalent-Real-04.jpg
Bamboo Sheet Set/Stripe/Strawberry Merlot Stripe/No Talent,BambooSheetSet-Stripe-MerlotStripe-Side-NoTalent-Real-05.jpg,BambooSheetSet-Stripe-StrawberryMerlotStripe-Side-NoTalent-Real-05.jpg
Bamboo Sheet Set/Stripe/Strawberry Merlot Stripe/No Talent,BambooSheetSet-Stripe-MerlotStripe-Side-NoTalent-Real-06.jpg,BambooSheetSet-Stripe-StrawberryMerlotStripe-Side-NoTalent-Real-06.jpg
Bamboo Sheet Set/Stripe/Strawberry Merlot Stripe/No Talent,BambooSheetSet-Stripe-MerlotStripe-Side-NoTalent-Real-07.jpg,BambooSheetSet-Stripe-StrawberryMerlotStripe-Side-NoTalent-Real-07.jpg
Bamboo Sheet Set/Stripe/Strawberry Merlot Stripe/No Talent,BambooSheetSet-Stripe-MerlotStripe-Side-NoTalent-Real-08.jpg,BambooSheetSet-Stripe-StrawberryMerlotStripe-Side-NoTalent-Real-08.jpg
Bamboo Sheet Set/Stripe/Strawberry Merlot Stripe/No Talent,BambooSheetSet-Stripe-MerlotStripe-Side-NoTalent-Real-09.jpg,BambooSheetSet-Stripe-StrawberryMerlotStripe-Side-NoTalent-Real-09.jpg
Bamboo Sheet Set/Stripe/Strawberry Merlot Stripe/No Talent,BambooSheetSet-Stripe-MerlotStripe-Side-NoTalent-Real-10.jpg,BambooSheetSet-Stripe-StrawberryMerlotStripe-Side-NoTalent-Real-10.jpg
Bamboo Sheet Set/Stripe/Strawberry Merlot Stripe/No Talent,BambooSheetSet-Stripe-MerlotStripe-Side-NoTalent-Real-11.jpg,BambooSheetSet-Stripe-StrawberryMerlotStripe-Side-NoTalent-Real-11.jpg
Bamboo Sheet Set/Stripe/Strawberry Merlot Stripe/No Talent,BambooSheetSet-Stripe-MerlotStripe-Side-NoTalent-Real-12.jpg,BambooSheetSet-Stripe-StrawberryMerlotStripe-Side-NoTalent-Real-12.jpg
Bamboo Sheet Set/Stripe/Strawberry Merlot Stripe/No Talent,BambooSheetSet-Stripe-MerlotStripe-Side-NoTalent-Real-13.jpg,BambooSheetSet-Stripe-StrawberryMerlotStripe-Side-NoTalent-Real-13.jpg
Bamboo Sheet Set/Stripe/Strawberry Merlot Stripe/No Talent,BambooSheetSet-Stripe-MerlotStripe-Side-NoTalent-Real-14.jpg,BambooSheetSet-Stripe-StrawberryMerlotStripe-Side-NoTalent-Real-14.jpg
Bamboo Sheet Set/Stripe/Strawberry Merlot Stripe/No Talent,BambooSheetSet-Stripe-MerlotStripe-Side-NoTalent-Real-15.jpg,BambooSheetSet-Stripe-StrawberryMerlotStripe-Side-NoTalent-Real-15.jpg
Bamboo Sheet Set/Stripe/Strawberry Merlot Stripe/No Talent,BambooSheetSet-Stripe-MerlotStripe-Side-NoTalent-Real-16.jpg,BambooSheetSet-Stripe-StrawberryMerlotStripe-Side-NoTalent-Real-16.jpg
Bamboo Sheet Set/Stripe/Strawberry Merlot Stripe/No Talent,BambooSheetSet-Stripe-MerlotStripe-Side-NoTalent-Real-17.jpg,BambooSheetSet-Stripe-StrawberryMerlotStripe-Side-NoTalent-Real-17.jpg
Bamboo Sheet Set/Stripe/Strawberry Merlot Stripe/No Talent,BambooSheetSet-Stripe-MerlotStripe-Side-NoTalent-Real-18.jpg,BambooSheetSet-Stripe-StrawberryMerlotStripe-Side-NoTalent-Real-18.jpg
Bamboo Sheet Set/Stripe/Strawberry Merlot Stripe/No Talent,BambooSheetSet-Stripe-MerlotStripe-Side-NoTalent-Real-19.jpg,BambooSheetSet-Stripe-StrawberryMerlotStripe-Side-NoTalent-Real-19.jpg
Bamboo Sheet Set/Stripe/Strawberry Merlot Stripe/No Talent,BambooSheetSet-Stripe-MerlotStripe-Side-NoTalent-Real-20.jpg,BambooSheetSet-Stripe-StrawberryMerlotStripe-Side-NoTalent-Real-20.jpg
Bamboo Sheet Set/Stripe/Strawberry Merlot Stripe/No Talent,BambooSheetSet-Stripe-MerlotStripe-Side-NoTalent-Real-21.jpg,BambooSheetSet-Stripe-StrawberryMerlotStripe-Side-NoTalent-Real-21.jpg
Bamboo Sheet Set/Stripe/Strawberry Merlot Stripe/No Talent,BambooSheetSet-Stripe-MerlotStripe-Side-NoTalent-Real-22.jpg,BambooSheetSet-Stripe-StrawberryMerlotStripe-Side-NoTalent-Real-22.jpg
Bamboo Sheet Set/Stripe/Strawberry Merlot Stripe/No Talent,BambooSheetSet-Stripe-MerlotStripe-Side-NoTalent-Real-23.jpg,BambooSheetSet-Stripe-StrawberryMerlotStripe-Side-NoTalent-Real-23.jpg
Bamboo Sheet Set/Stripe/Strawberry Merlot Stripe/No Talent,BambooSheetSet-Stripe-MerlotStripe-Side-NoTalent-Real-24.jpg,BambooSheetSet-Stripe-StrawberryMerlotStripe-Side-NoTalent-Real-24.jpg
Bamboo Sheet Set/Stripe/Strawberry Merlot Stripe/No Talent,BambooSheetSet-Stripe-MerlotStripe-Side-NoTalent-Real-25.jpg,BambooSheetSet-Stripe-StrawberryMerlotStripe-Side-NoTalent-Real-25.jpg
Bamboo Sheet Set/Stripe/Strawberry Merlot Stripe/Strawberry Stripe,BambooSheetSet-Stripe-StrawberryStripe-CloseUp-NoTalent-Real-01.jpg,BambooSheetSet-Stripe-StrawberryStrawberryMerlotStripe-CloseUp-NoTalent-Real-01.jpg
Bamboo Sheet Set/Stripe/Strawberry Merlot Stripe/Strawberry Stripe,BambooSheetSet-Stripe-StrawberryStripe-CloseUp-NoTalent-Real-02.jpg,BambooSheetSet-Stripe-StrawberryStrawberryMerlotStripe-CloseUp-NoTalent-Real-02.jpg
Bamboo Sheet Set/Stripe/Strawberry Merlot Stripe/Strawberry Stripe,BambooSheetSet-Stripe-StrawberryStripe-CloseUp-NoTalent-Real-03.jpg,BambooSheetSet-Stripe-StrawberryStrawberryMerlotStripe-CloseUp-NoTalent-Real-03.jpg
Bamboo Sheet Set/Stripe/Strawberry Merlot Stripe/Strawberry Stripe,BambooSheetSet-Stripe-StrawberryStripe-CloseUp-NoTalent-Real-04.jpg,BambooSheetSet-Stripe-StrawberryStrawberryMerlotStripe-CloseUp-NoTalent-Real-04.jpg
Bamboo Sheet Set/Stripe/Strawberry Merlot Stripe/Strawberry Stripe,BambooSheetSet-Stripe-StrawberryStripe-CloseUp-NoTalent-Real-05.jpg,BambooSheetSet-Stripe-StrawberryStrawberryMerlotStripe-CloseUp-NoTalent-Real-05.jpg
Bamboo Sheet Set/Stripe/Strawberry Merlot Stripe/Strawberry Stripe,BambooSheetSet-Stripe-StrawberryStripe-CloseUp-NoTalent-Real-06.jpg,BambooSheetSet-Stripe-StrawberryStrawberryMerlotStripe-CloseUp-NoTalent-Real-06.jpg
Bamboo Sheet Set/Stripe/Strawberry Merlot Stripe/Strawberry Stripe,BambooSheetSet-Stripe-StrawberryStripe-CloseUp-NoTalent-Real-07.jpg,BambooSheetSet-Stripe-StrawberryStrawberryMerlotStripe-CloseUp-NoTalent-Real-07.jpg
Bamboo Sheet Set/Stripe/Strawberry Merlot Stripe/Strawberry Stripe,BambooSheetSet-Stripe-StrawberryStripe-High45-NoTalent-Real-01.jpg,BambooSheetSet-Stripe-StrawberryStrawberryMerlotStripe-High45-NoTalent-Real-01.jpg
Bamboo Sheet Set/Stripe/Strawberry Merlot Stripe/Strawberry Stripe,BambooSheetSet-Stripe-StrawberryStripe-High45-NoTalent-Real-02.jpg,BambooSheetSet-Stripe-StrawberryStrawberryMerlotStripe-High45-NoTalent-Real-02.jpg
Bamboo Sheet Set/Stripe/Strawberry Merlot Stripe/Strawberry Stripe,BambooSheetSet-Stripe-StrawberryStripe-High45-NoTalent-Real-03.jpg,BambooSheetSet-Stripe-StrawberryStrawberryMerlotStripe-High45-NoTalent-Real-03.jpg
Bamboo Sheet Set/Stripe/Strawberry Merlot Stripe/Strawberry Stripe,BambooSheetSet-Stripe-StrawberryStripe-High45-NoTalent-Real-04.jpg,BambooSheetSet-Stripe-StrawberryStrawberryMerlotStripe-High45-NoTalent-Real-04.jpg
Bamboo Sheet Set/Stripe/Strawberry Merlot Stripe/Strawberry Stripe,BambooSheetSet-Stripe-StrawberryStripe-High45-NoTalent-Real-05.jpg,BambooSheetSet-Stripe-StrawberryStrawberryMerlotStripe-High45-NoTalent-Real-05.jpg
Bamboo Sheet Set/Stripe/Strawberry Merlot Stripe/Strawberry Stripe,BambooSheetSet-Stripe-StrawberryStripe-High45-NoTalent-Real-06.jpg,BambooSheetSet-Stripe-StrawberryStrawberryMerlotStripe-High45-NoTalent-Real-06.jpg
Bamboo Sheet Set/Stripe/Strawberry Merlot Stripe/Strawberry Stripe,BambooSheetSet-Stripe-StrawberryStripe-Side-NoTalent-Real-01.jpg,BambooSheetSet-Stripe-StrawberryStrawberryMerlotStripe-Side-NoTalent-Real-01.jpg
Bamboo Sheet Set/Stripe/Strawberry Merlot Stripe/Strawberry Stripe,BambooSheetSet-Stripe-StrawberryStripe-Side-NoTalent-Real-02.jpg,BambooSheetSet-Stripe-StrawberryStrawberryMerlotStripe-Side-NoTalent-Real-02.jpg
Bamboo Sheet Set/Stripe/Strawberry Merlot Stripe/Strawberry Stripe,BambooSheetSet-Stripe-StrawberryStripe-Side-NoTalent-Real-03.jpg,BambooSheetSet-Stripe-StrawberryStrawberryMerlotStripe-Side-NoTalent-Real-03.jpg
Bamboo Sheet Set/Stripe/Strawberry Merlot Stripe/Strawberry Stripe,BambooSheetSet-Stripe-StrawberryStripe-Side-NoTalent-Real-04.jpg,BambooSheetSet-Stripe-StrawberryStrawberryMerlotStripe-Side-NoTalent-Real-04.jpg
Bamboo Sheet Set/Stripe/Strawberry Merlot Stripe/Strawberry Stripe,BambooSheetSet-Stripe-StrawberryStripe-Side-NoTalent-Real-05.jpg,BambooSheetSet-Stripe-StrawberryStrawberryMerlotStripe-Side-NoTalent-Real-05.jpg
Bamboo Sheet Set/Stripe/Strawberry Merlot Stripe/Strawberry Stripe,BambooSheetSet-Stripe-StrawberryStripe-Side-NoTalent-Real-06.jpg,BambooSheetSet-Stripe-StrawberryStrawberryMerlotStripe-Side-NoTalent-Real-06.jpg
Bamboo Sheet Set/Stripe/Strawberry Merlot Stripe/Strawberry Stripe,BambooSheetSet-Stripe-StrawberryStripe-Side-NoTalent-Real-07.jpg,BambooSheetSet-Stripe-StrawberryStrawberryMerlotStripe-Side-NoTalent-Real-07.jpg
Bamboo Sheet Set/Stripe/Strawberry Merlot Stripe/Strawberry Stripe,BambooSheetSet-Stripe-StrawberryStripe-Side-NoTalent-Real-08.jpg,BambooSheetSet-Stripe-StrawberryStrawberryMerlotStripe-Side-NoTalent-Real-08.jpg
Bamboo Sheet Set/Stripe/Strawberry Merlot Stripe/Talent,BambooSheetSet-Stripe-MerlotStripe-Freestyle-Talent-Real-01.jpg,BambooSheetSet-Stripe-StrawberryMerlotStripe-Freestyle-Talent-Real-01.jpg
Bamboo Sheet Set/Stripe/Strawberry Merlot Stripe/Talent,BambooSheetSet-Stripe-MerlotStripe-Freestyle-Talent-Real-02.jpg,BambooSheetSet-Stripe-StrawberryMerlotStripe-Freestyle-Talent-Real-02.jpg
Bamboo Sheet Set/Stripe/Strawberry Merlot Stripe/Talent,BambooSheetSet-Stripe-MerlotStripe-Freestyle-Talent-Real-03.jpg,BambooSheetSet-Stripe-StrawberryMerlotStripe-Freestyle-Talent-Real-03.jpg
Bamboo Sheet Set/Stripe/Strawberry Merlot Stripe/Talent,BambooSheetSet-Stripe-MerlotStripe-Freestyle-Talent-Real-04.jpg,BambooSheetSet-Stripe-StrawberryMerlotStripe-Freestyle-Talent-Real-04.jpg
Bamboo Sheet Set/Stripe/Strawberry Merlot Stripe/Talent,BambooSheetSet-Stripe-MerlotStripe-Freestyle-Talent-Real-05.jpg,BambooSheetSet-Stripe-StrawberryMerlotStripe-Freestyle-Talent-Real-05.jpg
Bamboo Sheet Set/Stripe/Strawberry Merlot Stripe/Talent,BambooSheetSet-Stripe-MerlotStripe-Freestyle-Talent-Real-06.jpg,BambooSheetSet-Stripe-StrawberryMerlotStripe-Freestyle-Talent-Real-06.jpg
Bamboo Sheet Set/Stripe/Strawberry Merlot Stripe/Talent,BambooSheetSet-Stripe-MerlotStripe-Freestyle-Talent-Real-07.jpg,BambooSheetSet-Stripe-StrawberryMerlotStripe-Freestyle-Talent-Real-07.jpg
Bamboo Sheet Set/Stripe/Strawberry Merlot Stripe/Talent,BambooSheetSet-Stripe-MerlotStripe-Freestyle-Talent-Real-08.jpg,BambooSheetSet-Stripe-StrawberryMerlotStripe-Freestyle-Talent-Real-08.jpg
Bamboo Sheet Set/Stripe/Strawberry Merlot Stripe/Talent,BambooSheetSet-Stripe-MerlotStripe-Freestyle-Talent-Real-09.jpg,BambooSheetSet-Stripe-StrawberryMerlotStripe-Freestyle-Talent-Real-09.jpg
Bamboo Sheet Set/Stripe/Strawberry Merlot Stripe/Talent,BambooSheetSet-Stripe-MerlotStripe-Freestyle-Talent-Real-10.jpg,BambooSheetSet-Stripe-StrawberryMerlotStripe-Freestyle-Talent-Real-10.jpg
Bamboo Sheet Set/Stripe/Strawberry Merlot Stripe/Talent,BambooSheetSet-Stripe-MerlotStripe-Freestyle-Talent-Real-11.jpg,BambooSheetSet-Stripe-StrawberryMerlotStripe-Freestyle-Talent-Real-11.jpg
Bamboo Sheet Set/Stripe/Strawberry Merlot Stripe/Talent,BambooSheetSet-Stripe-MerlotStripe-Freestyle-Talent-Real-12.jpg,BambooSheetSet-Stripe-StrawberryMerlotStripe-Freestyle-Talent-Real-12.jpg
Bamboo Sheet Set/Stripe/Strawberry Merlot Stripe/Talent,BambooSheetSet-Stripe-MerlotStripe-Freestyle-Talent-Real-13.jpg,BambooSheetSet-Stripe-StrawberryMerlotStripe-Freestyle-Talent-Real-13.jpg
Bamboo Sheet Set/Stripe/Strawberry Merlot Stripe/Talent,BambooSheetSet-Stripe-MerlotStripe-Freestyle-Talent-Real-14.jpg,BambooSheetSet-Stripe-StrawberryMerlotStripe-Freestyle-Talent-Real-14.jpg
Bamboo Sheet Set/Stripe/Strawberry Merlot Stripe/Talent,BambooSheetSet-Stripe-MerlotStripe-Freestyle-Talent-Real-15.jpg,BambooSheetSet-Stripe-StrawberryMerlotStripe-Freestyle-Talent-Real-15.jpg
Bamboo Sheet Set/Stripe/Strawberry Merlot Stripe/Talent,BambooSheetSet-Stripe-MerlotStripe-Freestyle-Talent-Real-16.jpg,BambooSheetSet-Stripe-StrawberryMerlotStripe-Freestyle-Talent-Real-16.jpg
Bamboo Sheet Set/Stripe/Strawberry Merlot Stripe/Talent,BambooSheetSet-Stripe-MerlotStripe-Freestyle-Talent-Real-17.jpg,BambooSheetSet-Stripe-StrawberryMerlotStripe-Freestyle-Talent-Real-17.jpg
Bamboo Sheet Set/Stripe/Strawberry Merlot Stripe/Talent,BambooSheetSet-Stripe-MerlotStripe-Freestyle-Talent-Real-18.jpg,BambooSheetSet-Stripe-StrawberryMerlotStripe-Freestyle-Talent-Real-18.jpg
Bamboo Sheet Set/Stripe/Strawberry Merlot Stripe/Talent,BambooSheetSet-Stripe-MerlotStripe-Freestyle-Talent-Real-19.jpg,BambooSheetSet-Stripe-StrawberryMerlotStripe-Freestyle-Talent-Real-19.jpg
Bamboo Sheet Set/Stripe/Strawberry Merlot Stripe/Talent,BambooSheetSet-Stripe-MerlotStripe-Freestyle-Talent-Real-20.jpg,BambooSheetSet-Stripe-StrawberryMerlotStripe-Freestyle-Talent-Real-20.jpg
Bamboo Sheet Set/Stripe/Strawberry Merlot Stripe/Talent,BambooSheetSet-Stripe-MerlotStripe-Freestyle-Talent-Real-21.jpg,BambooSheetSet-Stripe-StrawberryMerlotStripe-Freestyle-Talent-Real-21.jpg
Bamboo Sheet Set/Stripe/Strawberry Merlot Stripe/Talent,BambooSheetSet-Stripe-MerlotStripe-Freestyle-Talent-Real-22.jpg,BambooSheetSet-Stripe-StrawberryMerlotStripe-Freestyle-Talent-Real-22.jpg
Bamboo Sheet Set/Stripe/Strawberry Merlot Stripe/Talent,BambooSheetSet-Stripe-MerlotStripe-Freestyle-Talent-Real-23.jpg,BambooSheetSet-Stripe-StrawberryMerlotStripe-Freestyle-Talent-Real-23.jpg
Bamboo Sheet Set/Stripe/Strawberry Merlot Stripe/Talent,BambooSheetSet-Stripe-MerlotStripe-Freestyle-Talent-Real-24.jpg,BambooSheetSet-Stripe-StrawberryMerlotStripe-Freestyle-Talent-Real-24.jpg
Bamboo Sheet Set/Stripe/Strawberry Merlot Stripe/Talent,BambooSheetSet-Stripe-MerlotStripe-Freestyle-Talent-Real-25.jpg,BambooSheetSet-Stripe-StrawberryMerlotStripe-Freestyle-Talent-Real-25.jpg
Bamboo Sheet Set/Stripe/Strawberry Merlot Stripe/Talent,BambooSheetSet-Stripe-MerlotStripe-Freestyle-Talent-Real-26.jpg,BambooSheetSet-Stripe-StrawberryMerlotStripe-Freestyle-Talent-Real-26.jpg
Bamboo Sheet Set/Stripe/Strawberry Merlot Stripe/Talent,BambooSheetSet-Stripe-MerlotStripe-Freestyle-Talent-Real-27.jpg,BambooSheetSet-Stripe-StrawberryMerlotStripe-Freestyle-Talent-Real-27.jpg
Bamboo Sheet Set/Stripe/Strawberry Merlot Stripe/Talent,BambooSheetSet-Stripe-MerlotStripe-Freestyle-Talent-Real-28.jpg,BambooSheetSet-Stripe-StrawberryMerlotStripe-Freestyle-Talent-Real-28.jpg
Bamboo Sheet Set/Stripe/Strawberry Merlot Stripe/Talent,BambooSheetSet-Stripe-MerlotStripe-Freestyle-Talent-Real-29.jpg,BambooSheetSet-Stripe-StrawberryMerlotStripe-Freestyle-Talent-Real-29.jpg
Bamboo Sheet Set/Stripe/Strawberry Merlot Stripe/Talent,BambooSheetSet-Stripe-MerlotStripe-Freestyle-Talent-Real-30.jpg,BambooSheetSet-Stripe-StrawberryMerlotStripe-Freestyle-Talent-Real-30.jpg
Bamboo Sheet Set/Stripe/Strawberry Merlot Stripe/Talent,BambooSheetSet-Stripe-MerlotStripe-Freestyle-Talent-Real-31.jpg,BambooSheetSet-Stripe-StrawberryMerlotStripe-Freestyle-Talent-Real-31.jpg
Bamboo Sheet Set/Stripe/Strawberry Merlot Stripe/Talent,BambooSheetSet-Stripe-MerlotStripe-Freestyle-Talent-Real-32.jpg,BambooSheetSet-Stripe-StrawberryMerlotStripe-Freestyle-Talent-Real-32.jpg
Bamboo Sheet Set/Stripe/Strawberry Merlot Stripe/Talent,BambooSheetSet-Stripe-MerlotStripe-Freestyle-Talent-Real-33.jpg,BambooSheetSet-Stripe-StrawberryMerlotStripe-Freestyle-Talent-Real-33.jpg
Bamboo Sheet Set/Stripe/Strawberry Merlot Stripe/Talent,BambooSheetSet-Stripe-MerlotStripe-Freestyle-Talent-Real-34.jpg,BambooSheetSet-Stripe-StrawberryMerlotStripe-Freestyle-Talent-Real-34.jpg
Bamboo Sheet Set/Stripe/Strawberry Merlot Stripe/Talent,BambooSheetSet-Stripe-MerlotStripe-Freestyle-Talent-Real-35.jpg,BambooSheetSet-Stripe-StrawberryMerlotStripe-Freestyle-Talent-Real-35.jpg
Bamboo Sheet Set/Stripe/Strawberry Merlot Stripe/Talent,BambooSheetSet-Stripe-MerlotStripe-Freestyle-Talent-Real-36.jpg,BambooSheetSet-Stripe-StrawberryMerlotStripe-Freestyle-Talent-Real-36.jpg
Flip Quilt Cover Set,FlipQuiltCoverSet-Bamboo-CloseUp-NoTalent-Real-01.jpg,FlipQuiltCover-Bamboo-CloseUp-NoTalent-Real-01.jpg
Flip Quilt Cover Set,FlipQuiltCoverSet-Bamboo-CloseUp-NoTalent-Real-02.jpg,FlipQuiltCover-Bamboo-CloseUp-NoTalent-Real-02.jpg
Flip Quilt Cover Set,FlipQuiltCoverSet-Bamboo-CloseUp-NoTalent-Real-03.jpg,FlipQuiltCover-Bamboo-CloseUp-NoTalent-Real-03.jpg
Flip Quilt Cover Set,FlipQuiltCoverSet-Bamboo-Freestyle-NoTalent-Real-01.jpg,FlipQuiltCover-Bamboo-Freestyle-NoTalent-Real-01.jpg
Flip Quilt Cover Set,FlipQuiltCoverSet-Bamboo-High45-NoTalent-Real-01.jpg,FlipQuiltCover-Bamboo-High45-NoTalent-Real-01.jpg
Flip Quilt Cover Set,FlipQuiltCoverSet-Bamboo-High45-NoTalent-Real-02.jpg,FlipQuiltCover-Bamboo-High45-NoTalent-Real-02.jpg
Flip Quilt Cover Set,FlipQuiltCoverSet-Bamboo-High45-NoTalent-Real-03.jpg,FlipQuiltCover-Bamboo-High45-NoTalent-Real-03.jpg
Flip Quilt Cover Set,FlipQuiltCoverSet-Bamboo-High45-NoTalent-Real-04.jpg,FlipQuiltCover-Bamboo-High45-NoTalent-Real-04.jpg
Flip Quilt Cover Set,FlipQuiltCoverSet-Bamboo-High45-NoTalent-Real-05.jpg,FlipQuiltCover-Bamboo-High45-NoTalent-Real-05.jpg
Flip Quilt Cover Set,FlipQuiltCoverSet-Bamboo-High45-NoTalent-Real-06.jpg,FlipQuiltCover-Bamboo-High45-NoTalent-Real-06.jpg
Flip Quilt Cover Set,FlipQuiltCoverSet-BambooxLinen-Deepetch-NoTalent-Real-01.png,FlipQuiltCover-BambooxLinen-Deepetch-NoTalent-Real-01.png
Flip Quilt Cover Set,FlipQuiltCoverSet-BambooxLinen-Deepetch-NoTalent-Real-02.png,FlipQuiltCover-BambooxLinen-Deepetch-NoTalent-Real-02.png
Flip Quilt Cover Set,FlipQuiltCoverSet-Linen-High45-NoTalent-Real-01.jpg,FlipQuiltCover-Linen-High45-NoTalent-Real-01.jpg
Flip Quilt Cover Set,FlipQuiltCoverSet-Linen-High45-NoTalent-Real-02.jpg,FlipQuiltCover-Linen-High45-NoTalent-Real-02.jpg
Flip Quilt Cover Set,FlipQuiltCoverSet-Linen-High45-NoTalent-Real-03.jpg,FlipQuiltCover-Linen-High45-NoTalent-Real-03.jpg
Flip Quilt Cover Set,FlipQuiltCoverSet-Linen-High45-NoTalent-Real-04.jpg,FlipQuiltCover-Linen-High45-NoTalent-Real-04.jpg
Flip Quilt Cover Set,FlipQuiltCoverSet-Linen-High45-NoTalent-Real-05.jpg,FlipQuiltCover-Linen-High45-NoTalent-Real-05.jpg
Flip Quilt Cover Set,FlipQuiltCoverSet-Linen-High45-NoTalent-Real-06.jpg,FlipQuiltCover-Linen-High45-NoTalent-Real-06.jpg
Flip Quilt Cover Set,FlipQuiltCoverSet-Linen-High45-NoTalent-Real-07.jpg,FlipQuiltCover-Linen-High45-NoTalent-Real-07.jpg
Flip Quilt Cover Set,FlipQuiltCoverSet-Linen-Low45-NoTalent-Real-01.jpg,FlipQuiltCover-Linen-Low45-NoTalent-Real-01.jpg
Flip Quilt Cover Set,FlipQuiltCoverSet-Linen-Low45-NoTalent-Real-02.jpg,FlipQuiltCover-Linen-Low45-NoTalent-Real-02.jpg
Flip Quilt Cover Set,FlipQuiltCoverSet-Linen-Low45-NoTalent-Real-03.jpg,FlipQuiltCover-Linen-Low45-NoTalent-Real-03.jpg
Flip Quilt Cover Set,FlipQuiltCoverSet-Linen-Low45-NoTalent-Real-04.jpg,FlipQuiltCover-Linen-Low45-NoTalent-Real-04.jpg
Flip Quilt Cover Set,FlipQuiltCoverSet-Linen-Low45-NoTalent-Real-05.jpg,FlipQuiltCover-Linen-Low45-NoTalent-Real-05.jpg
Flip Quilt Cover Set,FlipQuiltCoverSet-Linen-Low45-NoTalent-Real-06.jpg,FlipQuiltCover-Linen-Low45-NoTalent-Real-06.jpg
Flip Quilt Cover Set,FlipQuiltCoverSet-Linen-Side-NoTalent-Real-01.jpg,FlipQuiltCover-Linen-Side-NoTalent-Real-01.jpg
Flip Quilt Cover Set,FlipQuiltCoverSet-Linen-Side-NoTalent-Real-02.jpg,FlipQuiltCover-Linen-Side-NoTalent-Real-02.jpg
Flip Quilt Cover Set,FlipQuiltCoverSet-Linen-Side-NoTalent-Real-03.jpg,FlipQuiltCover-Linen-Side-NoTalent-Real-03.jpg
